EAR,MAR,tilt,nod_ratio,left_ear,right_ear,label
0.38549069699469424,0.6147256345096247,10.007979801441337,1.0474628722312391,0.44671899254472613,0.32426240144466234,1
0.2643197914482941,0.7222921962443742,2.920721521000384,0.9581544901537359,0.24143354249236892,0.2872060404042193,1
0.3532036210713002,0.6371183438255843,3.48327146899767,1.0605092292018203,0.38140724214260036,0.325,1
0.3348673187164735,0.6862557216233531,3.4533162505310924,1.021392795766273,0.3693085736783076,0.3004260637546394,1
0.3349377931965742,0.6602914101532433,2.9866369904751666,0.9864858652895679,0.3693085736783076,0.30056701271484076,1
0.3482517075932311,0.9429363956651875,3.48327146899767,1.12446729557142,0.36700874967603725,0.32949466551042494,1
0.3553786551905222,0.9062168816856782,3.48327146899767,1.1116989890062874,0.39787501069694575,0.31288229968409864,1
0.3478193674629747,0.9516807908652071,2.96093613416375,1.1082126110202994,0.3706387349259494,0.325,1
0.36376680489619695,0.8992987116550316,2.9108378261677537,1.0282889785929352,0.402635124709754,0.3248984850826399,1
0.25626711582148237,0.7702797984045838,2.33730585912382,1.0302089891524735,0.2435794933120476,0.26895473833091715,1
0.2526324007948346,0.7574977460474036,1.7534048600715397,1.0407788615831906,0.23502684515816877,0.27023795643150045,1
0.21533691962011062,0.8958811510888908,0.0,1.2698133860937828,0.20433447413392491,0.22633936510629632,1
0.2647494479508472,0.9073273325128092,0.7440592028887094,1.3121561623017446,0.2592724864350674,0.27022640946662696,1
0.292232507289493,0.9750597260197228,0.7538483330707672,1.3290928471834222,0.2883505980845719,0.29611441649441417,1
0.2721963269249109,0.9512230236858841,3.7152891054287687,1.3241763717446147,0.2857142857142857,0.25867836813553613,1
0.30677340894466665,0.7364109910713369,2.89857679928171,1.0247067742286433,0.32141217326661253,0.2921346446227208,1
0.28874587688361,0.6862551282834275,2.147585428298503,0.999609847435503,0.29514979597122487,0.2823419577959951,1
0.4006701104481013,0.7626152136438197,1.7714697400340769,1.032288248210911,0.3870967741935484,0.41424344670265417,1
0.31690640565484735,0.8734391358428899,3.6214847041173397,1.2774905579917448,0.3391849858152999,0.2946278254943948,1
0.25607397039323454,0.8993918714752802,0.6437457141753808,1.0786421190574735,0.24311608607803833,0.2690318547084308,1
0.29374624247990755,0.9128277859377616,1.2873289415250384,1.18380235369689,0.30743773095067284,0.2800547540091422,1
0.2539450565295873,1.0076317595340547,4.037710620977124,1.2444616322595459,0.24974213505257492,0.2581479780065997,1
0.37232654741703963,0.5968864176534707,6.88172363063695,1.1056814628167215,0.37926924604481843,0.3653838487892608,1
0.3234631228356545,0.5518820992009981,4.803485759069079,1.1175242855144922,0.34912470788411754,0.29780153778719143,1
0.3764409522284474,0.6026127807957425,7.920739901641071,1.165899020148654,0.39195504312108836,0.36092686133580654,1
0.4478440418538152,0.5194715113219844,5.194428907734806,1.3976154236887268,0.5382524218523385,0.3574356618552919,1
0.2929510049046656,0.5723982635294665,2.792702365713283,1.3378755469880175,0.3547621232692877,0.23113988654004344,1
0.25543410703188424,0.4797800283469373,4.763641690726178,1.2717910591919868,0.2916757572206104,0.21919245684315805,1
0.2861373014074127,0.4882915055728163,5.440332031005506,1.2645779151047936,0.3333333333333333,0.23894126948149216,1
0.3552086555279107,0.3783608327622008,4.23639479905884,0.8605437064254701,0.3331803930484605,0.37723691800736087,1
0.11100974391512898,0.6862583370520937,1.1457628381751033,1.1473331907601,0.12826948783025796,0.09375,1
0.15016473768661115,0.6548382551628606,1.7183580016554572,1.1784948175399534,0.15318261044390516,0.1471468649293171,1
0.23141022006761996,0.4702080208569242,10.304846468766033,1.258967831201417,0.27409767178645733,0.18872276834878263,1
0.25939772595890226,0.7235331305879945,2.4110297466112307,1.0307193991645738,0.2498407135868874,0.26895473833091715,1
0.21655021303855393,0.4609837414873381,10.581635520943792,1.159457081333289,0.22762572680299273,0.20547469927411513,1
0.20786112968048892,0.6740390257083693,9.246112745563252,1.3620728175759718,0.25332409396019695,0.1623981654007809,1
0.2511293145701948,0.6502938433249196,7.052306007841189,1.1798404333347274,0.31032837539903246,0.1919302537413571,1
0.21237401700358005,0.6496342293248123,14.036243467926479,1.29779713925928,0.21250367151893887,0.2122443624882212,1
0.1952380952380952,1.133981521518906,8.01709307365533,1.3493174050749521,0.19047619047619047,0.19999999999999998,1
0.2821567817310726,0.7294365947789672,10.856413348062246,1.2743909910973341,0.26925624101545226,0.29505732244669297,1
0.30258631437089395,0.7137628917416361,1.169139327907419,0.9798660038556667,0.29310344827586204,0.31206918046592586,1
0.16515230303833173,0.6360607728030581,6.170175095029609,1.313152021301011,0.14285714285714285,0.1874474632195206,1
0.3033848791989897,0.5811868863177133,1.9580674292340414,1.088730370557286,0.3625519899788019,0.24421776841917756,1
0.2147384867167423,0.5672916923558605,1.9580674292340414,1.1216420963652187,0.2564601569065591,0.17301681652692552,1
0.3039188448332792,0.45959066397336573,1.9091524329963763,1.0275073552777292,0.34320323649182205,0.26463445317473633,1
0.14759488938651738,0.85020131626407,3.503531644784458,0.9777610124720526,0.1379882874802976,0.15720149129273717,1
0.23901758415114843,0.7584075318173895,2.827124578161273,1.4065594936739565,0.2391304347826087,0.23890473351968816,1
0.15009852206813862,0.5169679476003006,3.6214847041173397,1.143962349191484,0.13043478260869565,0.1697622615275816,1
0.12949761843546137,0.6323701921296427,3.667788055531429,1.4343835652105101,0.13622298275594996,0.12277225411497278,1
0.24573885005108537,0.6388276314096715,4.1849161251184155,1.3149684451857844,0.25257296658248257,0.23890473351968816,1
0.2299779883787415,0.6721561304801784,3.576334374997351,1.302317598900003,0.2102138417049081,0.24974213505257492,1
0.1843980635875957,0.7057765788861978,7.399594659887111,1.4664377048523538,0.17592538100958696,0.19287074616560446,1
0.28676990560465315,0.5859104371897262,4.5288242369325395,1.2235710673449431,0.3135709557518438,0.2599688554574625,1
0.2908459368468528,0.4811722493688944,6.34019174590991,1.2054184595268278,0.31948519172620204,0.26220668196750346,1
0.3112091054460358,0.7564682846860077,2.981461219982192,0.9466335822556767,0.2998334720937463,0.32258473879832533,1
0.24614706441347473,0.36017886075332195,0.0,1.160666628310703,0.28261670947211076,0.20967741935483872,1
0.14601788400646726,0.5729186321321672,1.123302714075429,1.3098837894602913,0.1345458857365238,0.1574898822764107,1
0.2123315712709593,0.49122344966075787,3.846030090047376,0.9308234727562982,0.22466314254191863,0.2,1
0.24295633645169828,0.5698679667493952,5.147884824136303,1.1327263553281826,0.24835223396778278,0.2375604389356138,1
0.2138648619677323,0.5421774814671438,4.014175695411026,1.1569749858649947,0.21138217155662417,0.2163475523788404,1
0.293823995444727,0.5959376596053235,3.576334374997351,0.9682597901310416,0.3111148315119679,0.27653315937748607,1
0.2493190286366056,0.5448100324031375,4.289153328819018,1.0644904774214554,0.2487592975524973,0.24987875972071394,1
0.220661458033523,0.5703482879404381,4.635463426902643,1.148328472573258,0.23862021336434325,0.20270270270270271,1
0.27778334949142924,0.9507984665937389,15.524110996754258,1.3627515145999334,0.23067511607087557,0.32489158291198295,1
0.3748439638918141,0.6812371824884373,24.304549265936718,1.1180339887498947,0.32742765988598205,0.4222602678976462,1
0.2965966206229844,0.7954479832659005,14.237280465761085,1.3031500618566676,0.25675259854099,0.33644064270497887,1
0.3172277722831057,0.8344183274448504,17.40270413135628,1.2960385890631385,0.2983020180520545,0.336153526514157,1
0.3772025128637356,0.6985923077893943,18.69898280418112,1.0300228747611981,0.34515572749502277,0.4092492982324484,1
0.3364373992866035,0.6732287102809051,20.46227152342221,1.2439136141187257,0.3127423175186686,0.3601324810545384,1
0.3468056783105321,0.7875292735228543,4.474896506246098,1.3486023851402875,0.3862936679877903,0.3073176886332739,1
0.3358056464564809,0.732722780408674,3.4238712449306794,1.2741765914955943,0.37150613007190286,0.300105162841059,1
0.3022159075600891,0.9380437583981927,7.3680510716221805,1.314123489913965,0.3288836823852052,0.2755481327349729,1
0.23833771538606444,0.8344564119493668,1.169139327907419,1.041849137501318,0.22683471718524148,0.2498407135868874,1
0.32825547571322344,0.8102952879711517,4.014175695411026,1.3470516838256046,0.3620689655172414,0.2944419859092055,1
0.3887224250329928,0.8738285432625592,4.969740728110304,1.3240451974169922,0.4318196860015992,0.3456251640643864,1
0.38717779700597466,1.0393746356445936,3.122130462115708,1.4571726083574084,0.44642857142857145,0.3279270225833778,1
0.3499794280065739,0.9894943132441321,1.5207696611437658,1.5290017326102827,0.37986665618090787,0.32009219983223997,1
0.4048519404404621,0.5848211184523264,18.00416160591338,1.1333155985710466,0.4505707141236663,0.35913316675725787,1
0.25606902356048633,0.6692196211113302,8.063246165697251,1.196928012410769,0.2983968971572437,0.21374114996372892,1
0.27099820166118793,0.9091459117060651,11.309932474020213,1.302589137655639,0.29206804682578136,0.2499283564965945,1
0.336823158908481,0.8934306783287924,11.309932474020213,1.1691782143280611,0.3685254812812172,0.30512083653574484,1
0.27373551827302534,0.9462659408213204,1.7534048600715397,1.1022800575573668,0.2595332598211024,0.2879377767249482,1
0.38019672067878163,0.6824944891895763,5.325740624767721,1.19617284565488,0.4600072372535662,0.30038620410399713,1
0.2673639973579124,0.3153370823736015,7.125016348901798,1.0756353717647318,0.3228231413645278,0.21190485335129697,1
0.21772465259924972,0.3014403894024264,1.576550055183732,1.2616155021865587,0.2473560799833388,0.18809322521516067,1
0.12768768980568318,0.45028537524625867,3.4336303624505224,0.8946611053486536,0.1342188730482898,0.12115650656307654,1
0.1434422924257589,0.2506386080600669,10.007979801441337,0.6349414412804789,0.16033384194871647,0.1265507429028013,1
0.11462190337676448,0.3769583240843252,13.912494676520021,0.6688373331918706,0.11511639281173523,0.11412741394179371,1
0.2586067708269101,0.42475518677958585,11.1130405359483,0.7140203024594082,0.2803795940559972,0.23683394759782292,1
0.2450849864590694,0.3155181111507522,14.257035359650063,0.5411440261637359,0.26636561353537974,0.22380435938275905,1
0.24911252392369926,0.5142463734996595,7.3190193755904325,0.7144749509791901,0.24860995954604537,0.24961508830135312,1
0.29258291530255565,0.9892534331643726,0.590657214646671,1.1652970048266766,0.2740509990931434,0.3111148315119679,1
0.16814507956426483,0.31964780130432896,9.147080384875153,0.6122080854880936,0.18441082652918311,0.15187933259934655,1
0.15400271870636634,0.46517691908426195,2.181641403551466,0.9302258705682356,0.15949044456578,0.14851499284695271,1
0.21534089024342734,0.45511917709701366,1.606002989282249,0.8957240211586616,0.23862021336434325,0.19206156712251143,1
0.14518392368845295,0.46989114927660636,1.0609116902642277,0.8757190101341406,0.14774337103062354,0.14262447634628236,1
0.2945521362818,0.9551746777257138,2.981461219982192,1.1135120568483632,0.2836268358726951,0.3054774366909049,1
0.26510297093050517,0.5294678868202898,3.3018656744350032,0.9507306054364335,0.2792903867389728,0.2509155551220375,1
0.26634622599038515,0.5282828476048423,3.3664606634298013,0.9494906882375458,0.2884937060320333,0.24419874594873697,1
0.24030034376617598,0.5686862557274117,1.6683374482933075,0.9371369454614834,0.2581479780065997,0.22245270952575222,1
0.21901496574934012,0.5698138846256972,4.275841112628942,0.9254313447271637,0.23123202343546628,0.20679790806321396,1
0.28453823045642407,0.6020759734470355,5.339236803737584,0.9883291595742447,0.3183703870297199,0.2507060738831282,1
0.3006864842025849,0.6942278857576096,4.85309638699237,1.0355951742964367,0.3358525987266785,0.2655203696784914,1
0.27224786136142026,0.7821567626605429,2.3859440303888126,1.0616299067591666,0.27569820671823103,0.2687975160046095,1
0.3433177110314606,0.8254823888510883,0.6740368979845053,1.2239536559428759,0.3597123451398442,0.3269230769230769,1
0.3193505903164136,1.0617829418473064,2.0454084888872277,1.439755031455545,0.3197443067909726,0.3189568738418546,1
0.3127064480040614,1.0101978207636362,3.406443754994719,1.4268393882074288,0.3076923076923077,0.31772058831581507,1
0.3399630166390424,0.7503340269028127,3.3664606634298013,1.292738339260155,0.33402793436724526,0.34589809891083956,1
0.36948467521212464,1.1302722419828186,1.3803540734444517,1.4822808558487972,0.36526469108241943,0.37370465934182984,1
0.33339755619178596,1.0489104728159009,2.0454084888872277,1.3802776216434234,0.32787791768128943,0.3389171947022825,1
0.290587821704568,0.769270692605106,1.8087393224920654,1.052948462608849,0.27569820671823103,0.3054774366909049,1
0.25736086855289536,0.5322991328102528,5.552971033036804,1.040090692660276,0.24968808471946113,0.2650336523863296,1
0.29647186146290727,0.6204783185607781,4.205357001708586,1.19698840565735,0.2767233749590771,0.3162203479667375,1
0.18083512411666014,0.5141525117207861,2.1610794882263713,1.0181869110587722,0.1724137931034483,0.18925645512987202,1
0.36735084856406663,0.775215363703219,4.830419958289941,1.1259994356884775,0.33520076157699547,0.39950093555113786,1
0.2994573311006843,0.7546491258742631,4.267893300290812,1.2482153853424427,0.2805283198220218,0.31838634237934677,1
0.26542453662667337,0.6732288498359684,5.96448710125312,1.2286071544173152,0.2657636714103364,0.2650854018430103,1
0.24504270092150515,0.5524328501126672,4.205357001708586,1.1677902792768116,0.225,0.2650854018430103,1
0.28160360447474325,0.6063732462542827,3.576334374997351,1.1272207142140198,0.30621545924175153,0.256991749707735,1
0.21206149575375022,0.8251434116947942,4.170436524842112,1.3227226659222313,0.20250793496156508,0.22161505654593533,1
0.24893023011421614,0.5872000906072518,2.650689683421822,1.1154580797558924,0.2602896031476768,0.23757085708075548,1
0.2825044088449705,0.7187885298038242,0.0,1.1748489138668856,0.29976028761653684,0.26524853007340427,1
0.2954614895197805,0.5400429068571118,1.701354605326124,1.2025519713835866,0.3274403858325772,0.26348259320698386,1
0.34640884112400566,0.7659455826892798,4.474896506246098,0.9112091523600148,0.3850374471991901,0.30778023504882124,1
0.3388560307602885,0.8016285527611998,2.9507791090063504,1.2440232351627367,0.389833273641789,0.2878787878787879,1
0.24807012072943893,0.6362645825488485,4.004172940709387,1.1840734997210125,0.28194193721730043,0.21419830424157743,1
0.28133475367721195,0.6697380031281046,4.573921259900861,1.2028467161594267,0.3113738570207432,0.25129565033368073,1
0.1764365487061389,0.8862788414988029,3.0127875041833403,1.4729982202657534,0.15480260059864856,0.1980704968136292,1
0.250843001677824,0.5869168911895688,9.03948280335512,1.0032413184359346,0.2678136253647944,0.23387237799085356,1
0.2051580423353127,0.4994800173447383,10.140793146112795,1.0965379335425145,0.2089319851107159,0.20138409955990952,1
0.2684274568672451,0.665713791779801,3.2572219406669563,1.0342978480480092,0.29875967563925215,0.23809523809523808,1
0.3416207385455723,0.7057639865782254,5.35582504285519,1.2704178418751513,0.344707889976085,0.33853358711505954,1
0.2497857732634306,0.5291775609886165,7.125016348901798,1.1043658504426563,0.28493528881463803,0.2146362577122232,1
0.21189847053364813,0.8585316699189891,5.042451069170913,1.3512388564963913,0.23362075946961106,0.19017618159768518,1
0.12954265602090878,0.5967847369877695,5.609274446445807,0.8648051109840923,0.142044164845687,0.11704114719613058,1
0.13736421931141685,0.6262956651919505,6.991925346667795,0.9867602279577222,0.1543970711035963,0.12033136751923737,1
0.30581309080944263,0.8304822444855463,4.004172940709387,1.1544994336002516,0.346518465459368,0.2651077161595172,1
0.2586509295684226,0.9833326755325607,2.8912695962205643,1.5440146612550567,0.2577620184909895,0.25953984064585567,1
0.25307268117512327,0.8548070996945645,5.194428907734806,1.3333333333333333,0.26289323464498665,0.24325212770525995,1
0.38045949646407595,0.7358062340448636,2.489552921999156,1.0600818765103288,0.4299175035155696,0.33100148941258234,1
0.360224262019301,1.1241551921498414,0.5968094512291772,1.56591806349423,0.42057089810039366,0.2998776259382084,1
0.38527829206375647,0.9320832415563934,12.470461721668892,1.2415603143235248,0.4269627090272576,0.34359387510025535,1
0.18396526674406294,0.5431845956491174,5.527540151656172,1.1985577434465626,0.1877058019307029,0.18022473155742297,1
0.2895708091807225,0.7542314708852054,9.293308599397115,1.2751021069425879,0.3079858055497422,0.27115581281170276,1
0.4456750592875468,0.6300657948789263,8.212780189285887,1.3202069466915631,0.48005441302907115,0.41129570554602246,1
0.4379029381516195,0.8548841047196717,6.225829064425769,1.240218178527294,0.48141946977906175,0.3943864065241773,1
0.30224921458012016,0.5570296589386607,7.253194612725333,1.215011292053628,0.345482172104163,0.25901625705607734,1
0.27210219597481405,1.0118450063437037,0.5208563745019587,1.3715864841539374,0.3279881757334119,0.21621621621621623,1
0.21263018590060523,0.734985490447749,1.9414863909143774,1.0665784875077629,0.23518021709589934,0.19008015470531112,1
0.4000573461516404,0.20532539058829544,16.090816348852172,1.4474993447395783,0.4533823502911814,0.3467323420120994,1
0.24416966976235827,0.9434999425097124,0.0,1.3771500135291412,0.25145491044009416,0.23688442908462234,1
0.4257722139260701,0.4575732695885417,0.5509039792185729,1.182637638207096,0.4653606231237664,0.38618380472837377,1
0.3826570681863869,0.5927974224870607,2.5561500785782822,1.2376206965236485,0.46164353574848277,0.30367060062429097,1
0.25652187611367877,0.7602877246826653,3.3109415146114434,1.1593876461698298,0.28284271247461906,0.23020103975273848,1
0.3937671505620768,0.6210450790559114,0.9793196543394874,1.0620492393807375,0.4512500564015608,0.3362842447225927,1
0.3761123841037124,1.1210056557075396,1.5481576989779677,1.390793503487511,0.41451025135848785,0.337714516848937,1
0.3327622093613931,1.050694354413331,2.533558888394575,1.2616504124861845,0.3710395948771255,0.29448482384566077,1
0.21981546836037463,0.6733824900554919,1.1017061152063747,1.26070279376066,0.21562614376218656,0.22400479295856274,1
0.3558053944495727,0.7945480008621741,4.714754518704946,1.2965699497290042,0.430044793701963,0.2815659951971824,1
0.3236878888776822,0.8272115303617062,2.2906100426385296,1.3645222337937817,0.3880175522033042,0.2593582255520601,1
0.3105067336504411,0.7597154585018275,16.20377421489076,1.1028607278858165,0.35951634689131723,0.261497120409565,1
0.3744296499175306,0.6043550265928846,16.808691626206862,1.142349210270758,0.46067586230062774,0.28818343753443343,1
0.23892922065433536,0.553222188097227,17.300527191945005,0.9889764776259359,0.2626911272656189,0.21516731404305184,1
0.3350583025494013,0.9520364308663226,1.6846843178962914,1.276218364593839,0.3701166050988026,0.3,1
0.32432336488067437,0.8374529707992497,1.5911402711945872,1.3328835016057887,0.3712006256757205,0.2774461040856282,1
0.19014633822596613,0.7530916330188615,2.36137465817562,1.4261297815578193,0.20767181366839632,0.17262086278353594,1
0.1414560820747991,0.56737708594162,6.4043527263841415,1.0956328358779617,0.1336565856180998,0.14925557853149837,1
0.3739155419527368,0.9098748221754901,4.666858371438996,1.307025667051652,0.4283529368781193,0.3194781470273543,1
0.3570569233747514,1.067224956118176,3.6411852579013417,1.3547610111442727,0.42276434311324834,0.2913495036362545,1
0.2647021450074566,1.0372946302904296,3.778197707161587,1.361050703094283,0.286826031219617,0.24257825879529615,1
0.21429737415035682,0.5015826130970353,5.767888897914144,1.34476882459284,0.22703830459324992,0.20155644370746376,1
0.2692205652011512,0.9781793325003582,0.5115558665870411,1.286282906139758,0.3143383450723453,0.22410278532995703,1
0.17773262388778505,0.5968244702225578,5.648247373735264,1.2936472009797444,0.19026059766179762,0.16520465011377244,1
0.3170321426338509,0.8330389485745371,10.53918372862823,1.1364736174713679,0.36940364838919937,0.2646606368785024,1
0.4017477517274357,0.405039269584218,1.181188913326638,1.1708869754845668,0.4353084347860404,0.368187068668831,1
0.3991237466047507,0.9725476274693503,0.6030911943805325,1.3152112506075953,0.4588801937610968,0.3393672994484046,1
0.3454567158702635,0.7176557398608455,5.9245819819824925,0.9947028849643214,0.4082733751657661,0.2826400565747608,1
0.2583978715820437,0.7232474171285086,0.5456575934157205,1.3621093638545727,0.2794167464636017,0.2373789967004857,1
0.3584210671623431,0.9633828464716089,2.602562202499806,1.3743320776994965,0.3643083697025009,0.3525337646221854,1
0.1343301917527585,0.9565024365837665,3.5322945838908875,1.5661349307508428,0.143768749368973,0.124891634136544,1
0.36132518486049403,1.034028139028816,0.0,1.3908520938028521,0.3710395948771255,0.3516107748438625,1
0.38438607667696767,0.8816337765218407,3.2892426784918265,1.2870784657848853,0.3834824944236852,0.3852896589302502,1
0.30385297009576234,0.9697200617540289,3.2892426784918265,1.4126297395789909,0.29904458356083746,0.3086613566306872,1
0.34073607794152366,0.9782184352452794,2.632434868986484,1.4474763800482642,0.33344543319558034,0.348026722687467,1
0.2768264075983265,0.7755068207320129,2.981461219982192,1.03032685240643,0.26755569501872406,0.28609712017792893,1
0.1531945055657234,0.8853236161966541,1.6523046776513075,1.1707363309396297,0.1682235603057234,0.13816545082572335,1
0.12893163914159292,0.9610806399408084,4.939215542126199,1.539249478196137,0.14574577203253436,0.11211750625065146,1
0.24555743691434445,0.8968370026472657,3.90049374238189,1.3748101060741067,0.23993390122541475,0.25118097260327416,1
0.3519040514135931,0.7237515505661406,1.2873289415250384,1.1604959235790244,0.36538461538461536,0.33842348744257084,1
0.37467921378827945,0.8904004773630424,1.3019526725788753,1.2288478807785608,0.38,0.3693584275765589,1
0.36299545502048336,0.9417221046997257,1.9525090493996085,1.3109880012925688,0.358853500273005,0.3671374097679617,1
0.38538002095738555,1.0173704691617682,2.6630007660671433,1.3962114338637281,0.39972044703764564,0.3710395948771255,1
0.3869136543443929,0.9808069113429716,2.632434868986484,1.404625563263382,0.40354778206264613,0.37027952662613967,1
0.35792141835128,0.6207656305382463,1.2590452071752678,0.9464222883351671,0.3701166050988026,0.3457262316037574,1
0.3506118873058562,0.705850185963586,0.6437457141753808,1.0233946116620878,0.38,0.32122377461171236,1
0.43322504457837463,0.7685816188881076,4.807953963030471,1.1385007106585359,0.5011153246662531,0.36533476449049623,1
0.34649169641347244,0.947112743668259,2.6630007660671433,1.433401940316828,0.358853500273005,0.3341298925539398,1
0.35274894253575295,0.9806323404212552,3.3664606634298013,1.4727408180808255,0.3585354742723527,0.34696241079915324,1
0.34876764126398446,0.7282569990665115,3.21548399174821,1.172080614774783,0.34589809891083956,0.35163718361712937,1
0.2931577487214632,0.5093058421915395,3.2519456003638787,1.0487536197672456,0.28791795071974885,0.2983975467231776,1
0.22540925533894596,0.5945973126847266,2.7263109939062655,1.2624941198734083,0.21081851067789195,0.24,1
0.09630622699142422,0.6615603149953233,1.414423211402155,1.4444789445239024,0.08880560416567349,0.10380684981717496,1
0.26944040444697004,0.7936271760099292,0.6986943829834713,1.366241962600969,0.259772530903825,0.279108277990115,1
0.1373207491473648,0.6213255540478934,0.0,1.380952380952381,0.15060676370552115,0.12403473458920847,1
0.3158626585135468,0.7825975153343617,4.398705354995532,1.2696173063467446,0.28791795071974885,0.34380736630734476,1
0.22746999105920998,0.7768003626536251,0.682060393172652,1.3451954507146886,0.20580354255720007,0.2491364395612199,1
0.2591715742856282,0.6592426346743696,0.682060393172652,1.16682691531549,0.2585508993035912,0.25979224926766525,1
0.27185618961765534,0.6113312236217879,1.606002989282249,1.0138248418314035,0.3076923076923077,0.23602007154300292,1
0.3627222917599299,0.6479936147840004,7.792078078218435,0.9830519440225469,0.3974796835537871,0.32796489996607275,1
0.3778308378081189,0.7781448763817498,8.880659150520245,0.9983568748341705,0.39698653022394964,0.35867514539228806,1
0.40563466816651045,0.8101253572639895,9.366509957012122,0.9769723176565186,0.43317520882120625,0.37809412751181465,1
0.3163587106379302,0.6582408255530484,9.865806943084367,0.9667048922105718,0.3429971702850177,0.2897202509908427,1
0.17040846729845405,0.7294243824282567,10.581635520943792,1.0262027977112216,0.18846313890403943,0.15235379569286864,1
0.38089401640360776,0.6750619408926092,10.359052488083712,1.0294934634219213,0.40311288741492746,0.35867514539228806,1
0.29318977270511715,0.48502077965414797,7.0703448201575965,1.1230712293575016,0.3248133169955333,0.26156622841470106,1
0.3087828832002837,0.6177091669037634,2.4681179138285407,1.2753766364760941,0.37286593271992835,0.24469983368063897,1
0.33673907192614283,0.39774509000389485,3.5137502606049664,1.1212433551892969,0.39142686180100367,0.28205128205128205,1
0.38163893024798123,0.6330310710641924,4.289153328819018,1.0600699787843701,0.39712704100401647,0.36615081949194594,1
0.30709107668202096,0.33581217403802516,2.0825652797308845,1.3053209034349391,0.37027952662613967,0.24390262673790222,1
0.29990988889478437,0.7081110269445821,8.630801788548439,1.4113178130024093,0.3306481381383242,0.2691716396512445,1
0.23450623292833822,0.43538085540908167,0.7345210342548154,1.0256368644965417,0.21739130434782608,0.2516211615088504,1
0.17705806036180963,0.6625057654603523,3.9793824526782045,1.0359262527534492,0.1775445466922656,0.17657157403135365,1
0.4374598599584551,0.3574941428084102,2.792702365713283,1.2042347522840546,0.5005549396395484,0.37436478027736175,1
0.26608465240638707,0.3813554095816192,20.45631376327803,0.9633884077665485,0.2800103173305617,0.25215898748221244,1
0.2680654737069931,0.319842593221846,17.482375182121544,0.9780719498728007,0.28299685418533876,0.25313409322864733,1
0.3485487879994663,0.4439520618399431,1.7623910236605125,1.0384258326807545,0.38951707492448495,0.3075805010744477,1
0.40069046805698116,0.6275475894954279,2.8624052261117474,1.105729555460961,0.44698675622819933,0.354394179885763,1
0.15233833654118917,0.654785688506,3.4533162505310924,1.0386460585541248,0.16959086634280354,0.1350858067395748,1
0.42520126018081067,0.21793560580623192,3.5486819739044466,0.9860141403977694,0.4697062774053969,0.38069624295622445,1
0.3001916056159176,0.48927846155989974,9.389147561331248,1.0419389103101708,0.356019034273928,0.24436417695790721,1
0.4282590274916649,0.731266243134183,0.590657214646671,1.265918827656286,0.46199676997718897,0.39452128500614086,1
0.5601122201978153,0.534502335653685,7.678963807368697,1.1290011166463552,0.6199845908893326,0.500239849506298,1
0.4113647930328607,0.6424315963496814,2.7006293373952883,1.2953778327910852,0.44787417832095205,0.3748554077447694,1
0.33255472301790556,0.6302725534063301,5.339236803737584,1.3740604989376086,0.36121098098073523,0.30389846505507595,1
0.3399819982533635,0.7245769164685771,4.316027519865624,1.3517605694678851,0.375651139006862,0.30431285749986503,1
0.38716059943643316,0.7439616958464379,3.8140748342903543,1.3560944782948445,0.4282983661489498,0.34602283272391654,1
0.3290374500316189,0.8283169238002303,3.039399568926921,1.2886735126092808,0.36121098098073523,0.2968639190825025,1
0.3877216871117658,0.740393359821613,3.8879095608330716,1.350722442447812,0.4282231726860681,0.34722020153746347,1
0.40985834743823246,0.6676386002633451,3.850638823910754,1.3122313894706967,0.4452940624244353,0.37442263245202967,1
0.33014113979595255,0.7309022978354369,4.275841112628942,1.3457003406247536,0.375,0.2852822795919051,1
0.3961882588855208,0.7941285103746019,3.7429882956871343,1.4205031459609,0.43241378257237234,0.3599627351986693,1
0.36772185150192843,0.839643849781892,2.626405638290746,1.3777832116105448,0.4074074074074074,0.3280362955964495,1
0.32671709920894787,0.8081719155330064,3.778197707161587,1.536557903405657,0.38122576588921103,0.2722084325286847,1
0.35190891496953075,0.6711737751079084,3.3109415146114434,1.0321582139502232,0.3648989192742291,0.3389189106648324,1
0.34185199000999317,0.7850202263276932,4.993743985823392,1.4089450969604285,0.3712939929837202,0.31240998703626616,1
0.24375270792138493,0.33240330534765744,1.032244691565731,0.9663297074230284,0.25893398727134126,0.22857142857142856,1
0.24741719138450896,0.45666716670756174,15.452010641129688,1.0049921447107455,0.2616048561511652,0.23322952661785276,1
0.34681378728397183,0.730158139928559,16.157339864587932,1.2345091708158202,0.3914292677205723,0.30219830684737137,1
0.23493933455131455,0.509592426860365,7.193470055295539,1.18191355485129,0.2668094360759053,0.20306923302672383,1
0.26969967525565774,0.6480823688153923,16.525796389925638,1.3810996278400691,0.3333333333333333,0.20606601717798215,1
0.3545236245193191,0.5917803152393222,19.041230738439364,1.1178931498455738,0.3909381828891212,0.31810906614951706,1
0.14205071766587896,0.7699843113814556,2.8063702517882496,1.0830416393823088,0.15621356972341657,0.1278878656083413,1
0.3526070274238292,0.7735157202668902,3.8879095608330716,1.0447394785158644,0.38109095394867265,0.32412310089898577,1
0.367026282992084,0.6956314686065831,3.9301755457254806,1.0484714709865421,0.38887289622533544,0.3451796697588326,1
0.2734567181496669,0.6505616186859091,0.0,1.0903759294803,0.26666666666666666,0.28024676963266715,1
0.3172081293063834,0.7330987432181099,5.9061411137705,1.1358140382174209,0.342513705366455,0.2919025532463119,1
0.33870669403078224,0.6431716504372095,6.449534703842278,1.071750273453965,0.3676192244583545,0.30979416360321005,1
0.3500393871480736,0.6314056217154657,5.46384281323664,1.1826015309215987,0.39786548384025605,0.3022132904558911,1
0.2919718594217726,0.5767086648961516,3.9793824526782045,1.1361523004490361,0.3453760802708926,0.23856763857265265,1
0.11603825782626584,0.6660676124056333,4.23639479905884,1.3491066216838512,0.12085220783605945,0.11122430781647222,1
0.3258742999621116,0.8591497467467174,4.436474485657365,1.2066215578859374,0.3832956278779492,0.26845297204627394,1
0.30260865284756283,0.7895494411464804,4.04958170327138,1.0933588832708183,0.34347322487953896,0.2617440808155867,1
0.27573689651399436,0.5351758919199471,4.398705354995532,1.2362240162874596,0.31819805153394637,0.23327574149404232,1
0.21088108648837192,0.5697638486486455,3.5137502606049664,1.3000869741227445,0.22344374113793666,0.19831843183880718,1
0.27189479403891725,0.7511984007209472,9.317086069126223,0.9559697471697076,0.28774624755629324,0.2560433405215413,1
0.32230384616208535,0.6266207727061339,7.78701795463245,1.0775920994880988,0.3411703039322146,0.3034373883919561,1
0.08023100588699661,0.6481759532921813,8.049061701674505,1.0950615270040207,0.08411787562231363,0.07634413615167959,1
0.21289756966222198,0.8381214391157266,4.91656600601002,1.2611490627866548,0.23936971912903793,0.18642542019540603,1
0.3551851178435793,0.5980148230046162,6.940983428742579,0.9714269747823425,0.3810315580152528,0.3293386776719058,1
0.25173001341007045,0.4411290551983401,8.36588612403259,0.9904046181954965,0.29837446946197427,0.20508555735816666,1
0.27998429848011636,0.6554830804571565,6.2772984895975545,1.1621352095314401,0.3172105188197783,0.24275807814045441,1
0.30506788964517373,0.5876732408269278,4.91656600601002,1.1460539637481273,0.3591630019731826,0.25097277731716483,1
0.2965615542323873,0.5478052812463476,3.3664606634298013,1.2367922915404157,0.34208547932646544,0.2510376291383091,1
0.20716325657995804,0.6522406029696575,8.13010235415598,1.2786779504777823,0.22365931830895067,0.19066719485096545,1
0.19232916397900163,0.4435849677033009,0.0,1.1198864515664408,0.1935483870967742,0.19110994086122907,1
0.2416390080737136,0.5826288896677464,6.286893361736462,0.9774655341039766,0.23362355881429978,0.24965445733312744,1
0.16485142697334165,0.38224249373059166,4.969740728110304,1.0265650153132042,0.18602325267042624,0.14367960127625706,1
0.2842618903524795,0.7166420108766723,4.197668357160926,1.1040850362479506,0.3317636419108636,0.23676013879409538,1
0.22866300123993516,0.8110429543495011,2.1016543276712936,1.2064729736830495,0.2671764374546612,0.19014956502520913,1
0.2773121441717106,0.739918545532205,3.5395591685499537,1.2354821298468828,0.2962093620080057,0.2584149263354154,1
0.4042151408605513,0.5084744309590788,14.1670555226312,1.0836522371238306,0.4322438312907813,0.37618645043032134,1
0.28570181949664986,0.3252341363484775,3.5137502606049664,0.8623552477951126,0.30052038200428266,0.27088325698901705,1
0.3673425395979587,0.700797885967847,5.640549432156823,1.1613914881207135,0.38546993131112833,0.3492151478847891,1
0.30105214729666296,0.6934835618107029,4.993743985823392,1.2174671986522678,0.35143174800275734,0.25067254659056853,1
0.23086881301038192,0.7886321648945789,9.229886243727718,1.2680122542295231,0.27027367415652137,0.19146395186424245,1
0.294141262427454,0.8112051027067679,3.0447784441939847,1.275899721495224,0.2910371094537981,0.2972454154011098,1
0.24569632743589842,0.6977738436226434,2.573359463176823,1.3470016727393495,0.24981529365782856,0.24157736121396825,1
0.3443289183389867,0.8817632357696112,3.7313969991604465,1.3019894279863546,0.32258473879832533,0.36607309787964804,1
0.3921675670570276,0.7935720051854496,7.037940763184669,1.2097288652165978,0.4078340353693884,0.37650109874466675,1
0.2624298766906302,0.606627405246949,10.762537223142463,1.044589286051044,0.28797018815893544,0.23688956522232504,1
0.33603800108750104,0.5943137706612479,10.007979801441337,0.9833569154558824,0.3980650378818381,0.274010964293164,1
0.3118024011820526,0.5871890323905327,10.388857815469612,0.9486266399461841,0.3502124690137614,0.27339233335034385,1
0.29189649298291315,0.9475022621094823,5.063616853030085,1.2183676431321862,0.31687511114881484,0.26691787481701146,1
0.2688494001159323,1.110093334877066,4.398705354995532,1.2846504572784074,0.2734804799837845,0.26421832024808,1
0.31472690110593415,0.7447462088346838,6.666659890901367,1.0725744605283607,0.3200921998322399,0.30936160237962834,1
0.279449765993457,0.6088922632131674,10.885527054658738,1.103388920769597,0.29019492453668444,0.26870460745022956,1
0.31909435687908977,0.7084800884622773,4.23639479905884,1.0388832754000894,0.3048553804248462,0.3333333333333333,1
0.2804349313674922,0.983805483331607,7.594643368591445,1.3196532560325098,0.2800434182365106,0.2808264444984738,1
0.35443605842094633,0.9753204601565579,1.4320961841646465,1.2002107872333845,0.3538596300535413,0.35501248678835134,1
0.32715026015089155,0.7617848717343257,2.8624052261117474,1.0513617816955183,0.3333333333333333,0.3209671869684498,1
0.29327315228716605,0.6141483281545029,5.063616853030085,1.0737509843863184,0.3071475584169756,0.2793987461573565,1
0.2770001103725222,0.8163285202461028,7.334378801416705,1.513997690470577,0.3409181855817286,0.21308203516331584,1
0.3032737958495903,0.8989198520221495,8.74616226255521,1.277365826755545,0.3132782087446724,0.2932693829545082,1
0.32168773465177947,0.8110033829974443,8.864623388410795,1.0065520766413238,0.34589945706943015,0.2974760122341288,1
0.30738680406746094,0.7113806990029691,14.68878677331838,0.9121782435455711,0.32949132854301677,0.2852822795919051,1
0.31886824299010996,0.606514004826991,4.356975005846297,1.057546985811091,0.3377364859802199,0.3,1
0.3225690236239278,0.09973915156295854,11.702901480221364,0.7516594494768675,0.3578765149695001,0.28726153227835555,1
0.3278405153513423,0.91805864786059,5.78239232236404,1.1379127210927658,0.3333333333333333,0.32234769736935126,1
0.2669833001536364,1.042037384253045,2.462816675916847,1.4802021040715572,0.320902088969416,0.2130645113378568,1
0.33689431332522324,0.9645818470080729,0.658543177563603,1.5534935275135264,0.43039932254745555,0.24338930410299095,1
0.31881119475156156,0.9565802799795972,1.2453642667683475,1.4301563513892421,0.3876223895031231,0.25,1
0.23660789285733635,0.5864525820231886,0.6160599083992302,1.180232170752269,0.30387257951622626,0.16934320619844648,1
0.25660724800970364,0.5007795216020953,3.1798301198642345,0.9931388555105405,0.2953951776051478,0.21781931841425947,1
0.28181303136243585,0.3520638686929613,4.72013693104356,0.9748552467151996,0.3122410527346308,0.2513850099902409,1
0.23610277619495862,0.8067753617630687,4.316027519865624,1.1683510807063135,0.25118097260327416,0.22102457978664308,1
0.14004406605763936,0.6334006267937143,11.809882957028256,1.0917596748296448,0.12591131218673468,0.15417681992854404,1
0.26785714285714285,0.6321148213670783,0.5968094512291772,1.0986395169066736,0.25,0.2857142857142857,1
0.24971541006570025,1.1545976699248326,10.713123022791036,1.4348203545843214,0.25222209266940043,0.24720872746200004,1
0.33150451911878737,0.8603751819248171,5.9468630539735,1.3079421823055428,0.397113764910823,0.2658952733267517,1
0.42894457143140136,0.6641547797642517,3.4336303624505224,1.2666192924650403,0.4967780317516916,0.3611111111111111,1
0.3304630380761856,0.6565768003606992,0.0,1.3378867023789298,0.3925083725682047,0.26841770358416656,1
0.2954554832373074,0.5800434141505922,2.223961240385479,1.1476420839883734,0.33975977082362235,0.2511511956509925,1
0.21589959538158476,0.564787979221551,18.277109609220123,1.4731669421152773,0.24353007376269217,0.18826911700047738,1
0.23946067811865476,0.7140663910495249,3.144957464698022,1.623924193334494,0.2914213562373095,0.1875,1
0.21371716835849908,0.5122916048622359,4.899092453787765,1.44039382733119,0.2538591035287969,0.17357523318820126,1
0.27778499260094586,0.2571922625628131,5.440332031005506,1.064757186014041,0.2727272727272727,0.282842712474619,1
0.0916860358330363,0.712926229674391,7.907162702958458,0.9720632988357255,0.08661986608440464,0.09675220558166797,1
0.18278205266625455,0.5182752879892113,4.04958170327138,0.9855576748682449,0.18787642106341765,0.17768768426909146,1
0.29398145482290833,0.48730771079160073,9.637538112930946,0.9767628903396344,0.3447693036717684,0.2431936059740483,1
0.2709147337725929,0.926954393484636,11.003540851749504,1.3930923586405182,0.27813983205304804,0.26368963549213775,1
0.33826891209925236,0.38848222514085257,3.576334374997351,1.125301516014941,0.3492151478847891,0.3273226763137156,1
0.3343402696845619,0.7771497532112929,1.3971810272963765,1.1713991552733123,0.33304435769745067,0.33563618167167314,1
0.3115294972101679,0.6578785848780384,7.009384256621249,1.186020676885135,0.3722094737564884,0.25084952066384747,1
0.28756566191576904,0.3591301800828983,6.398956627368915,0.9354201100942137,0.3068536611043287,0.2682776627272093,1
0.20272403797617222,0.7074613189010404,11.023455963743139,1.3994868830795102,0.23570226039551584,0.16974581555682858,1
0.2933470341589001,0.9282525086816472,9.334998463138236,1.2513467986631013,0.2953141534286435,0.29137991488915677,1
0.32221688153664796,0.796536040307688,9.582944723532572,1.4114278468073365,0.29262157489454077,0.3518121881787551,1
0.3555567200892036,0.7679396882795626,5.2623953995951185,1.3361915002430935,0.31505457112556084,0.3960588690528463,1
0.1684889328369668,0.5842197186146112,4.8792737830067265,1.162939706630544,0.16789320969940977,0.16908465597452388,1
0.24080788712119283,0.632491186362337,3.4473868518651978,1.174036942460533,0.2508465434731549,0.23076923076923078,1
0.20519040534147315,0.6696894647163458,5.710593137499642,1.2735407102225118,0.23971772826690166,0.1706630824160446,1
0.21265676179822152,0.5919195433929814,1.3803540734444517,1.2563490289861958,0.2176998239620931,0.20761369963434992,1
0.2839011402578921,0.8801559268631296,3.406443754994719,1.2152237727939512,0.2525381361380527,0.3152641443777315,1
0.2721995508635626,0.7499550071621793,2.6942842898561006,1.2692380928255815,0.2515059928821246,0.2928931088450006,1
0.38288823037228903,0.981191054809424,3.150716413267741,1.4316399751254185,0.4282983661489498,0.33747809459562833,1
0.2831836833803315,0.5953197955682431,1.3639275316029187,1.1593932182658766,0.29733551205223224,0.2690318547084308,1
0.19552057745425983,0.7229948939643808,1.3169124057932626,1.105309324111362,0.18733745120481599,0.2037037037037037,1
0.3829137182052397,1.1832599714817977,3.856800985589843,1.337061730298805,0.3586954423771866,0.40713199403329275,1
0.36778347466807576,1.0723266086071723,3.2892426784918265,1.309996813470804,0.3525337646221854,0.38303318471396613,1
0.43860243755250633,1.1982757553561212,1.273030020056711,1.2338292627246992,0.43117146575270965,0.446033409352303,1
0.38239960464704903,1.11751824743312,1.3322198538696388,1.3954075254785472,0.36607309787964804,0.39872611141444997,1
0.3885024321980345,1.1452467272588331,0.6030911943805325,1.1590260816781446,0.37997197031472213,0.3970328940813469,1
0.3839606551136444,1.2247057014946874,0.0,1.4164435513994988,0.36526469108241943,0.40265661914486944,1
0.2793018966273504,0.9629244559293434,0.6510603802294862,1.3862741329169268,0.25955920969386326,0.29904458356083746,1
0.21749186197653697,0.9575652466590427,0.6295986084102668,1.2199045492963236,0.21138217155662417,0.22360155239644974,1
0.32973193865549616,0.790361506713139,1.9414863909143774,1.3531672819610556,0.37986665618090787,0.27959722113008445,1
0.1016618946579731,0.5529626373269997,5.890626416204101,1.1893890478984699,0.10115655224898373,0.10216723706696246,1
0.33443481482318743,0.6744734847638282,6.033253006200707,1.027596723817709,0.3548326403935129,0.31403698925286194,1
0.21211973124947409,0.46843911774639374,8.063246165697251,0.8054717902919317,0.21624763874381925,0.2079918237551289,1
0.1976893319815593,0.7482000322472744,1.827968244305005,1.0739739341836108,0.19984019174435788,0.1955384722187607,1
0.41755885161585327,0.8224731178023544,7.253194612725333,1.2927466434649832,0.4654641952951532,0.3696535079365533,1
0.2122498989942807,0.6692497318899634,2.462816675916847,1.0429329675685375,0.21982421091879367,0.20467558706976774,1
0.19143796171178834,0.6592758679420637,2.436648246810131,1.0630804679503574,0.18733745120481599,0.1955384722187607,1
0.18809635028117974,0.7862265639990225,3.1108406534907718,1.1771972560568622,0.20815272356090667,0.16803997700145282,1
0.25573758536931157,1.0197887587116359,0.0,1.5077580379688447,0.24157736121396825,0.2698978095246549,1
0.26628411084053305,0.8827086182108976,5.13637849242773,1.3262439370600734,0.25062628446376567,0.28194193721730043,1
0.26548812900636753,0.8286873536965472,5.07960786001457,1.3446866785970166,0.2611758488277851,0.2698004091849499,1
0.2819489286110214,0.9424053088924853,4.037710620977124,1.434086389861122,0.271763212599322,0.2921346446227208,1
0.26698393638827905,0.8370648458241534,1.9749340108819766,1.3343226733324347,0.2527713838194522,0.2811964889571059,1
0.14117851193105527,0.6027017923321631,7.460566126168351,1.3102951367569617,0.1339625578297474,0.14839446603236314,1
0.16021778268149622,0.774428698585859,1.414423211402155,1.4952068633993212,0.14532958974404495,0.1751059756189475,1
0.05202200572599404,0.6571789813910516,0.0,1.4949174588599141,0.04714045207910317,0.05690355937288491,1
0.23742573187085042,0.31379657127384464,8.642802580004533,0.8122975741255873,0.25863783421966274,0.2162136295220381,1
0.29068525057143974,0.3202872406417222,9.309940174986037,0.8218744573587429,0.3255983279316493,0.2557721732112302,1
0.3149887867937058,0.2294409723863322,8.601384858714896,0.8332493341625256,0.3553206803960043,0.27465689319140724,1
0.2872780433083969,0.3300582682661169,8.3929251873925,0.8478784986353795,0.31275592266975455,0.26180016394703925,1
0.2569954206066033,0.3776796550044523,6.88172363063695,0.8970195138367538,0.27399958949406267,0.2399912517191439,1
0.24118603857816723,0.2932968769001781,7.0667297164010785,0.8577328471173771,0.2552511472078564,0.22712092994847802,1
0.18385785699936855,1.0734478577885556,0.725224299059252,1.329248522320652,0.18385785699936855,0.18385785699936855,1
0.17877131604769197,1.2282336871800226,1.507435758774968,1.552985739111069,0.174619493184649,0.18292313891073494,1
0.16375161327497356,0.9503604984950571,1.5481576989779677,1.4869259918064144,0.15868672314174775,0.16881650340819934,1
0.18172571262625153,1.2420173449313188,2.2025981617658053,1.5002598385373715,0.1909991798288123,0.17245224542369075,1
0.1897998291162688,0.5238768674967809,7.406912128495229,1.023857412139675,0.18861845900368043,0.1909811992288572,1
0.11111755729502791,1.1705281372881016,0.0,1.3235726719963492,0.11282066661682436,0.10941444797323147,1
0.18646650859420646,0.8378731342728531,1.6365770416167182,1.4862062896514985,0.20701710508942092,0.165915912098992,1
0.135763225072479,1.2164865533974536,0.7440592028887094,1.5977429274001922,0.12503676631769609,0.14648968382726194,1
0.2867217643990161,0.6624672850312164,10.757967088390004,1.4880082380660586,0.3480529166500979,0.22539061214793432,1
0.4742256648494444,0.47278525538897226,14.931417178137554,1.1532573608849246,0.5284353972349501,0.4200159324639386,1
0.32536415399484564,0.45015126986378723,2.602562202499806,1.2005497022734484,0.36607309787964804,0.2846552101100433,1
0.22391243747913997,0.9878122189929347,1.7357045889283889,1.5,0.22594479646818832,0.22188007849009164,1
0.12370854165961616,1.1730473865917566,0.0,1.3553809217773614,0.1287645559959301,0.11865252732330223,1
0.24317550615746056,0.9253860448729507,2.5637702114650045,1.4475412679931972,0.23911692409784674,0.24723408821707438,1
0.23225855953704097,1.0780966595515156,2.526116911619555,1.4400757828345343,0.23651474905243652,0.22800237002164542,1
0.3729167045168186,0.9400249450137064,3.632950739488207,1.3027574269315623,0.42332084995357844,0.32251255908005877,1
0.12201592660959544,0.8003215649622394,5.142764557884242,1.410280110854689,0.12492494745645803,0.11910690576273285,1
0.1556574120924404,0.8159116194018714,4.127591702511724,1.4329668356978014,0.15651011805028,0.15480470613460082,1
0.137439625997123,0.6939811664779892,1.193489423982035,1.4797622485941535,0.13345789575693648,0.1414213562373095,1
0.20629623413434034,1.1067665405308849,4.5288242369325395,1.2248840616328875,0.2241669636036718,0.18842550466500885,1
0.1729230651751066,0.5761460915154789,5.042451069170913,1.245803638145436,0.17927197918702084,0.16657415116319238,1
0.15346771950258137,0.7262876406105327,9.090276920822323,1.344225530813601,0.1535737792084878,0.1533616597966749,1
0.16648509935169864,0.6893296533934916,8.914926957147866,1.3711377617606768,0.1692505489623225,0.16371964974107478,1
0.15896989763363498,0.5668736020954808,6.536633648797067,1.311747369340787,0.16106014848118747,0.1568796467860825,1
0.23885760277770604,1.1842180528924409,2.9507791090063504,1.2375733811166534,0.2523772325625344,0.22533797299287767,1
0.2447862002020231,0.9171322564366393,2.33730585912382,1.0685934174848222,0.2690318547084308,0.22054054569561543,1
0.30715527929686254,0.8875844542851906,2.4110297466112307,1.0725274964382416,0.34124515496597096,0.2730654036277541,1
0.19087283590079035,0.7106138862458187,0.5456575934157205,1.042407530237901,0.20832349190169341,0.17342217989988726,1
0.2173945290925984,0.5080774474917368,1.193489423982035,1.0635450073440338,0.20264620104233966,0.23214285714285715,1
0.26485933955478946,0.6909338221714737,4.763641690726178,1.2233938327830025,0.2608695652173913,0.26884911389218763,1
0.21144299555050644,0.7648315530025717,1.3803540734444517,1.3611039971680783,0.22741848185763164,0.19546750924338122,1
0.13470982506273332,0.8899243563286164,3.6214847041173397,1.463515218712729,0.13545709229571928,0.1339625578297474,1
0.21328738919184498,0.5213643838819246,4.0444855741811025,1.0075854437197567,0.2187449447395809,0.20782983364410906,1
0.12811313714453798,1.0916933999549479,2.1210963966614536,1.5453076220868636,0.1444247409717807,0.11180153331729523,1
0.09262772516096557,1.0369419155345365,2.935673446421173,1.5753219811398225,0.08454801350808602,0.10070743681384511,1
0.10705733773603993,1.0179147732321667,2.1210963966614536,1.532250958060699,0.127240226919466,0.08687444855261388,1
0.14427545809606152,0.8002359354861351,2.070030653041098,1.2910693085224063,0.1686468011455083,0.11990411504661473,1
0.15566447918744875,0.718275125842059,4.7078522443722255,1.29236032739992,0.13622298275594996,0.1751059756189475,1
0.11937576605195752,0.7283736233901477,6.26349061433454,1.2616539766498869,0.11211750625065146,0.12663402585326355,1
0.4445684183393846,0.8011090235176052,2.5791475002834177,1.0982070125779089,0.4928408127039189,0.3962960239748503,1
0.4191257586731597,0.5592899961149336,4.014175695411026,0.9753469559766539,0.45376250545805735,0.384489011888262,1
0.3618694934704287,0.57459379984402,2.9866369904751666,0.9437861104646594,0.39787501069694575,0.3258639762439116,1
0.44746324398905296,0.38521667284454175,1.0609116902642277,0.9678585050018885,0.5022293282448373,0.3926971597332686,0
0.44606292338758535,0.4459607388417661,3.150716413267741,0.9881397876784878,0.4994286870419021,0.3926971597332686,0
0.37813891780650055,0.3422115073544565,1.0230301886678357,0.9645452118649446,0.4058470664861096,0.35043076912689153,0
0.47342864362087544,0.428355061447037,0.5115558665870411,0.9702633254356944,0.5108522065189812,0.4360050807227696,0
0.46491190871951965,0.44472176172581573,2.7263109939062655,1.0524696231684352,0.49764871764042146,0.43217509979861785,0
0.43473645177821546,0.42785386106652107,2.063819728456962,0.9977278230803684,0.46375155221670805,0.40572135133972287,0
0.4662617826524489,0.4220997347355183,2.626405638290746,0.9903363066837271,0.5156378117837912,0.4168857535211065,0
0.44997228811574896,0.4397294940591186,3.1798301198642345,1.008086958669398,0.4808077540890432,0.4191368221424547,0
0.4656800551623873,0.4544137593006137,0.561705332566547,1.0729293166825242,0.5153471216826172,0.41601298864215736,0
0.48614674986901296,0.44396765176722436,2.181641403551466,1.0657660434195781,0.5138715608343563,0.45842193890366967,0
0.44423774142802663,0.4342989150425481,0.0,1.0002065902304862,0.4794555229553942,0.40901995990065915,0
0.25355597930772544,0.4203116547348145,0.6365935759634865,1.1488953384463982,0.2962093620080057,0.21090259660744518,0
0.2736080456389097,0.31002071364167777,2.8624052261117474,1.008739862266623,0.3033234049581525,0.24389268631966696,0
0.39827956404316134,0.2175861480711914,4.085616779974877,0.8883606865551636,0.4783773099045045,0.3181818181818182,0
0.28106915887630113,0.24701964357979753,1.6846843178962914,0.9425034143521683,0.3343402696845619,0.2277980480680404,0
0.24885723520741343,0.252402924781446,0.9391909457355799,0.9423181312619984,0.2660760420950957,0.2316384283197311,0
0.23015636157183594,0.3006611433791647,1.8626209493066788,0.9960304176755658,0.24243561640699005,0.2178771067366818,0
0.2795839435620763,0.2317431951517108,1.3639275316029187,0.8890973944942382,0.3025384079029807,0.2566294792211719,0
0.2388529312181666,0.24131782424894133,0.4696270196896474,0.9583885254269991,0.2663603657481944,0.21134549668813882,0
0.21086496994285517,0.2331978188310485,0.4696270196896474,0.9033956023674731,0.23281653683320877,0.18891340305250157,0
0.17197985443537803,0.259346731352324,2.254574965935033,0.8764877516283317,0.19660894630614364,0.1473507625646124,0
0.3957097058320256,0.2880802520210147,0.0,1.0079634542885982,0.44267649543259335,0.3487429162314578,0
0.31576004876808805,0.30302424777332176,0.4658090827649937,0.9838416951742042,0.3421966028028576,0.28932349473331853,0
0.3878815953905849,0.2933781267841682,1.0708244547869634,1.1196240528556096,0.4419809041638505,0.33378228661731935,0
0.2827033076684583,0.34899117376628114,0.5729386976834859,1.063619702390318,0.30746497680963514,0.2579416385272815,0
0.4074729185218703,0.6716232371317264,9.833563964207116,1.3137440271995213,0.5009106434725765,0.314035193571164,0
0.47172850774801833,0.5129918140311187,4.653351587268386,1.2021918643505054,0.5754826883502401,0.36797432714579664,0
0.31499641835342096,0.4087634411679271,8.042894233505312,1.0238101331274974,0.3636324709586476,0.2663603657481944,0
0.46168034009518927,0.41656538798236553,4.356975005846297,1.1462218418685124,0.5339763906401258,0.3893842895502527,0
0.2892553718254101,0.3435012819325109,0.5405101871306666,1.022049340104779,0.31395466344007505,0.26455608021074517,0
0.3320258390399149,0.3213437621881946,23.19859051364819,0.94090219197635,0.3631253011945578,0.300926376885272,0
0.29249678963419357,0.26604690378731327,2.573359463176823,0.9513820904722307,0.3056040641755621,0.279389515092825,0
0.21641677670821446,0.03433609215841479,3.7213132647497598,0.564534676561106,0.20336619342675183,0.22946735998967707,0
0.4659751326152358,0.33964163319856705,2.9866369904751666,0.9101477359689994,0.5147353500670582,0.4172149151634135,0
0.3832029838962694,0.29042839001839094,16.975499467929744,1.028924874677241,0.479483047575841,0.28692292021669785,0
0.4252515371623934,0.0827013970164289,10.840305454330565,0.7405886953772141,0.5020274103748096,0.34847566394997725,0
0.33106180697640886,0.5610401683280677,1.9978798564766747,1.2281857526770943,0.38396316547625936,0.27816044847655835,0
0.2942556379776329,0.5560908072106803,0.6295986084102668,1.193690649953144,0.34197094625202445,0.24654032970324127,0
0.33353650781751487,0.5406828928833929,2.8063702517882496,1.0374611464790104,0.3878263489553868,0.27924666667964293,0
0.29508539081074914,0.413092498643011,4.85309638699237,0.9349714435464943,0.3183943489311402,0.27177643269035806,0
0.27430555750707947,0.5029984675116621,1.6365770416167182,1.0115339910474626,0.31395466344007505,0.23465645157408385,0
0.2849756612729005,0.5116288962824104,0.6661999701831416,1.2318713802471213,0.34197094625202445,0.2279803762937766,0
0.37054290822584013,0.5170253817760628,6.674469047117571,1.0815265490180446,0.412822025195371,0.32826379125630933,0
0.2937375998279862,0.3299808794682646,12.171458208587472,1.0925655521168054,0.3180326535490814,0.26944254610689106,0
0.29293570143265546,0.2995096605205597,5.092115124498962,1.042614656487144,0.3128893238787319,0.27298207898657906,0
0.26339292274696047,0.3185983932288144,4.484606009544626,1.019863852392509,0.30566428796034806,0.22112155753357293,0
0.30492877443819705,0.40247630772096127,1.0609116902642277,1.0570380542171027,0.3589241293257461,0.250933419550648,0
0.3915166931631908,0.49946763690588747,8.350752532331411,1.2094285058252967,0.473629251739668,0.30940413458671356,0
0.47204565886164873,0.2931631481452594,2.447048642323615,1.0511908425902377,0.49649119333026237,0.4476001243930351,0
0.1071505478740296,0.3154032098393799,3.576334374997351,1.0435601124279403,0.12903225806451613,0.08526883768354307,0
0.2335202308007865,0.40605898333825285,0.454718861693143,0.9733166064291187,0.2419802416075614,0.22506021999401155,0
0.30418307970513686,0.31274077421373175,2.0454084888872277,1.1400706760972388,0.3392238510884903,0.26914230832178343,0
0.32837344220962356,0.3614809890587889,0.5161642297648366,0.9306848673693302,0.3505613147360907,0.3061855696831564,0
0.38706247031993024,0.403063587073983,1.1017061152063747,1.0577152512279577,0.42592592592592593,0.3481990147139345,0
0.3929997858933426,0.3841843250015479,1.7183580016554572,1.0715253846806367,0.443107588053698,0.34289198373298724,0
0.4248187892632054,0.431536391544894,1.9978798564766747,1.2390778736796726,0.5005128706422932,0.34912470788411754,0
0.40313885187065,0.3785883419533732,1.6523046776513075,0.9688926085155297,0.4447726351402689,0.36150506860103115,0
0.23070169192103845,0.28004039842637674,4.85309638699237,0.9484364385695748,0.2703095484297741,0.19109383541230276,0
0.349954060433861,0.3873939933850501,4.014175695411026,1.0262257825716041,0.4135279981974615,0.28638012267026053,0
0.2685978612298414,0.3802088526206459,3.0940580589171116,1.0709627615123167,0.29400211648563457,0.2431936059740483,0
0.33855355286408817,0.37847440192971643,0.0,1.0878957973679908,0.3710395948771255,0.3060675108510509,0
0.2612624905586546,0.3513529397208634,1.3426240265377571,0.8526175155536927,0.2515384760593727,0.27098650505793653,0
0.35221278145299006,0.4216762057571523,1.0809241866606887,1.1186306448390164,0.40712826560868287,0.2972972972972973,0
0.37954769063444604,0.415877434428811,1.7357045889283889,1.178857236175087,0.4343722427630694,0.32472313850582274,0
0.2681255257324776,0.38668416532011657,2.511363267163078,1.0330904795166695,0.304366399529389,0.23188465193556623,0
0.2667195132840611,0.518290214190912,0.658543177563603,1.287117348967533,0.32636898871828884,0.2070700378498334,0
0.18420034984599737,0.39120042170810104,2.573359463176823,1.165254399389014,0.21332045841298974,0.15508024127900497,0
0.30551272023518966,0.4265340616456995,0.43405063213940953,0.6522007771066641,0.2938634692690208,0.31716197120135853,0
0.32694993971389374,0.31364039366312607,3.576334374997351,1.0256650326433103,0.37103587901474877,0.2828640004130388,0
0.38230243450354506,0.307717169227904,2.3859440303888126,1.0659573934471838,0.43515262263359655,0.3294522463734936,0
0.34344594279506613,0.43348339761115945,3.7213132647497598,0.8020328939532048,0.3650061140376882,0.321885771552444,0
0.3228263936042809,0.5710856594320287,5.527540151656172,1.1173934650715702,0.3742242157799904,0.2714285714285714,0
0.35516515379874014,0.3726506426785546,10.304846468766033,0.9211405973031478,0.3938394203874148,0.3164908872100655,0
0.3705975263664578,0.3540261723474394,12.83560948640144,1.0181146801338425,0.4271598591617517,0.314035193571164,0
0.2140216604526955,0.37583270736156854,10.420712396794508,0.9450729809369881,0.23035022137995856,0.19769309952543243,0
0.41472534206648537,0.37401858056482445,4.72013693104356,0.9274375691881811,0.4573208299751203,0.3721298541578504,0
0.4272445464187405,0.36431169763103566,5.4118691523170295,0.8540545537376043,0.44723774718398235,0.40725134565349863,0
0.41676920831471836,0.36493163206988494,6.4043527263841415,0.8229359941001513,0.4386165221334572,0.39492189449597953,0
0.3567400116574806,0.39606307980838756,3.878524502847706,0.7978828863760316,0.371146636787688,0.34233338652727313,0
0.4417904729196135,0.16087561187548724,1.1457628381751033,1.163640140528566,0.5173567362710723,0.36622420956815477,0
0.3443183385345392,0.1735234387278632,6.033253006200707,0.8731853229321233,0.34602608745848246,0.342610589610596,0
0.37105512661439893,0.1541433713233851,7.853313301978219,0.915198073963098,0.40439573637986087,0.337714516848937,0
0.38297661616417755,0.48902409054386886,7.125016348901798,1.0084081610294362,0.4372042434821521,0.32874898884620307,0
0.4493652199171463,0.1747725749104181,0.5405101871306666,1.0771188898099602,0.49491581474181306,0.40381462509247945,0
0.3632660882973344,0.35388192514345834,2.2906100426385296,0.7556390774274867,0.37245362169052193,0.35407855490414686,0
0.32053250406559386,0.465066368398743,1.3426240265377571,0.745305976084283,0.29955303348453816,0.3415119746466495,0
0.364534179611801,0.4235213044208131,0.902221161530156,0.7237203550381425,0.34915031232129723,0.37991804690230485,0
0.27752787801799816,0.1811709398979695,16.389540334034784,0.768633090808257,0.323093790578759,0.23196196545723732,0
0.27171132625352257,0.25720461660274,17.850318302216834,0.8166825135597007,0.284225485533558,0.2591971669734872,0
0.3342935527881265,0.2504979729046469,11.309932474020213,0.7461636577062921,0.37764420102006363,0.2909429045561894,0
0.35996370258097315,0.28842031465303514,11.463953015692551,0.7357540075361116,0.40989809060997495,0.31002931455197136,0
0.425567942599261,0.4772782367032138,5.635940698293445,0.9095819715806607,0.4964305975506878,0.3547052876478342,0
0.30739896304685826,0.2905086375712084,6.4698199851731735,1.044899669844896,0.29130042905558734,0.3234974970381292,0
0.3354666680444127,0.3007786501573093,5.247138901616438,1.1295532534593575,0.3383382834699557,0.3325950526188697,0
0.25988152934952624,0.23964859829370522,8.615648184164113,0.8609719455379434,0.26707054531881674,0.25269251338023574,0
0.36072322283214203,0.3045965029292475,3.3274042417265695,1.0029601787033626,0.40373068528814693,0.31771576037613714,0
0.3346383029020633,0.25888998521222745,2.632434868986484,1.027569852730833,0.40260993913746,0.26666666666666666,0
0.44397825596909046,0.3476726155819369,7.263244740584562,0.9199492540871623,0.501693586075248,0.3862629258629328,0
0.33233165588719094,0.28234915199442856,9.972057687331088,0.9502686068727717,0.3847264488350301,0.2799368629393517,0
0.517076329770438,0.30544616798739926,6.271077449501146,1.0381116004671462,0.5673582861266779,0.4667943734141982,0
0.40293767469652475,0.24577095919077924,2.8387878410053813,0.8774463558411375,0.43931859722978567,0.3665567521632638,0
0.3553600361610627,0.2957522163656591,3.0940580589171116,0.989750827559896,0.38072008035899924,0.32999999196312624,0
0.3493358170479165,0.2241040931879893,3.878524502847706,0.8722356144498283,0.3772388279854731,0.32143280611035996,0
0.358368053086045,0.15501419440871603,4.513988458001263,0.8868457439468411,0.39530330006173015,0.32143280611035996,0
0.3301002034154623,0.15039566883932487,7.125016348901798,0.9068464515320115,0.38646846044860156,0.273731946382323,0
0.3849836327750027,0.23378295882523767,2.8387878410053813,0.8629615263140903,0.4200499083642282,0.3499173571857772,0
0.3587918565597221,0.2053136895616044,5.013113755035808,0.8606301054315242,0.3965376287759532,0.32104608434349097,0
0.33240305321773833,0.2887111321567998,1.123302714075429,0.9130112521227163,0.3843312210120439,0.2804748854234328,0
0.3126134860164328,0.28606947037322533,2.2906100426385296,0.952600694450247,0.3663437619446325,0.2588832100882331,0
0.2098895502622345,0.16271329121424677,0.9166542563852877,0.7233215483587131,0.21619036514520035,0.2035887353792686,0
0.33003323583611327,0.17061253695835246,10.701350723899148,0.7242331245372879,0.3433112526693874,0.31675521900283915,0
0.4074695480096532,0.15866084306763023,0.5354589855645338,1.0047920117614209,0.4468864184942141,0.3680526775250923,0
0.28824034502692775,0.211798366815944,8.13010235415598,1.0960504233894737,0.31386782433441046,0.2626128657194451,0
0.45072800459402335,0.33110452368069343,12.994616791916505,1.0445232367615531,0.5177605280806687,0.38369548110737794,0
0.3182385351909819,0.41355038286519175,3.3109415146114434,0.8422149797753129,0.3282514988589856,0.30822557152297814,0
0.31242514937805765,0.31650659525321895,10.830079543407003,0.9566045552618455,0.34412035324365536,0.28072994551245994,0
0.3477518592443236,0.3788277202233186,4.356975005846297,1.1402268341405826,0.40352637694589777,0.2919773415427495,0
0.32444632333343715,0.3692985969953085,4.275841112628942,1.1231013877553409,0.35691530512412484,0.2919773415427495,0
0.2617221729490609,0.34866754199493055,6.927218126009166,1.1171675568034447,0.28791795071974885,0.23552639517837295,0
0.33744698497922787,0.4359919412198147,7.523820438638627,1.1195976734143858,0.38469023535983865,0.2902037345986171,0
0.29609569039959716,0.3656758773197189,4.127591702511724,0.9803525589173782,0.3435921354681384,0.24859924533105587,0
0.38621553466660624,0.24675766775968735,0.8487642715535872,0.6981083819600373,0.41489352566933474,0.35753754366387774,0
0.3009675714636931,0.30604280021457475,1.4688007143858246,0.8266265373951449,0.3492151478847891,0.25271999504259707,0
0.31081131204346,0.3045230672647808,7.806400829235756,0.7950131837500677,0.34639942562039205,0.27522319846652793,0
0.26488754793921276,0.2921678353625139,8.194263334630211,0.7871467302352578,0.2921445335769062,0.23763056230151938,0
0.3412549425053001,0.2812411136819096,7.8831393167297295,0.7422771606254982,0.3610813135820288,0.32142857142857145,0
0.29603422969837834,0.252455346259638,7.394008642598279,0.7211102550927979,0.311407127019803,0.28066133237695373,0
0.353176833971792,0.26599945618570037,7.765166018425333,0.7140844560150359,0.3803575185526748,0.32599614939090926,0
0.18613958578438,0.26186343615766167,8.194263334630211,0.7249051602649618,0.2140411010462055,0.15823807052255454,0
0.2614086908547142,0.2868235088277064,5.440332031005506,0.8114351275931643,0.284670471154786,0.23814691055464238,0
0.35196496294533464,0.30190247920274244,7.4502490686561815,0.7682088648830722,0.377519022457688,0.32641090343298135,0
0.30995453775448323,0.2684025236406488,6.683864108034118,0.8184238320014922,0.3389975621293937,0.2809115133795728,0
0.30767708152871664,0.27097157126354576,6.193904967150984,0.7591769925416818,0.34602608745848246,0.26932807559895083,0
0.3003838590868211,0.26316943967630463,5.194428907734806,0.7308966596860701,0.3270357717913192,0.273731946382323,0
0.24055082408489015,0.21269090209659636,6.7098368077569335,0.7934721343955261,0.26499947000159,0.21610217816819025,0
0.3351683460235533,0.244064767430174,11.788183299107622,0.6065244375464705,0.35823319207655696,0.3121034999705496,0
0.31558775241093084,0.36339309444815565,9.293308599397115,0.6941249175465803,0.34210192264666156,0.2890735821752002,0
0.4757755883707142,0.6270322192147721,1.231977402639728,1.0581716600916862,0.5855816589606773,0.3659695177807511,0
0.300662909764739,0.2415061971733426,14.39359296849052,0.5680703250438669,0.337997404941142,0.2633284145883359,0
0.30532323500441677,0.3134628145003098,8.38324848092935,0.866604376284311,0.3673949325877319,0.2432515374211016,0
0.34631557924178047,0.6789383208797257,0.0,1.2581259672127743,0.4508214534013755,0.24180970508218538,0
0.29937080201054933,0.38789841508375433,3.772283609379837,1.047392084728129,0.3393833784690385,0.2593582255520601,0
0.28295735094415964,0.36353277910932363,4.666858371438996,0.9178616476012931,0.3214766966291536,0.24443800525916565,0
0.3036191957740968,0.325352547178347,6.009005957494525,0.9275095539145349,0.34253250919525235,0.2647058823529412,0
0.30020877181132305,0.29955543549737834,3.503531644784458,0.9340271082812047,0.327596579840894,0.2728209637817521,0
0.5109436071423356,0.40660285730591916,7.288952323610133,1.1193272271916406,0.6542799032377672,0.36760731104690386,0
0.3029007172397479,0.2951902823222274,6.009005957494525,0.9246102473956479,0.3412099700624611,0.2645914644170346,0
0.27638638006351796,0.25085772055846095,11.200797787884431,0.7632735737851969,0.3028697396702514,0.2499030204567845,0
0.2822693853597519,0.26830179675784316,10.105036365037956,0.7992870932788702,0.3141556287433309,0.2503831419761728,0
0.22603600410680955,0.5014920034511967,11.788183299107622,1.2385260657120447,0.27660960302291404,0.17546240519070505,0
0.35773717062612775,0.38824257043726057,8.707370271520407,0.9043467154584615,0.4070708000198971,0.30840354123235847,0
0.352354746996819,0.4904402724519962,4.474896506246098,0.8969946648832978,0.39710770850868815,0.3076017854849498,0
0.4285799768476448,0.28939252000417615,5.767888897914144,1.0713840824541627,0.4991026959770543,0.35805725771823527,0
0.3432536463214888,0.2777449634473502,5.869600443014707,0.9763406889408995,0.37027952662613967,0.31622776601683794,0
0.4105083074712764,0.2519673113270747,6.84277341263094,1.036593851940154,0.47842769376505667,0.3425889211774961,0
0.38295309565875846,0.2521042759599212,2.0273227005001964,0.8516931995843483,0.4313891039223002,0.3345170873952167,0
0.2783991389942615,0.2411009785160447,2.792702365713283,0.7234474377494776,0.28480441190373884,0.2719938660847841,0
0.28917772447356616,0.32122753910368246,8.2758928270752,0.8346649552777404,0.3279732470557934,0.25038220189133886,0
0.10140205432793137,0.15578760565355834,6.927218126009166,0.8043713416659685,0.11404288819045583,0.08876122046540692,0
0.3014030417955857,0.36257499876833726,7.523820438638627,0.8349121968728532,0.3389171947022825,0.2638888888888889,0
0.25558098125392115,0.27058728692714645,12.28832316327534,0.6966058497268414,0.2831851357997981,0.22797682670804423,0
0.2828164524348816,0.342394900369412,13.116436125391473,0.7248078684266708,0.31716197120135853,0.2484709336684047,0
0.3083481593133528,0.25440773302064534,11.210633128876674,0.6850897101637686,0.32484967148009164,0.291846647146614,0
0.24534023425155566,0.23948778488858027,14.931417178137554,0.7366964456114495,0.2551958433082373,0.23548462519487404,0
0.3343992348762568,0.2862037296721198,22.54306100005788,0.8409862184467533,0.36746730341527467,0.30133116633723883,0
0.4644384380900206,0.3676650004758494,1.0809241866606887,0.9704256687906019,0.520740219657743,0.40813665652229825,0
0.3215587151408401,0.30701368821019526,3.3274042417265695,0.9745446281104583,0.36363636363636365,0.2794810666453166,0
0.3370558979749406,0.27604080911017836,3.3274042417265695,0.9427772795242922,0.36921640634860897,0.3048953896012723,0
0.3594514421826511,0.33782365994128055,2.0213649403560154,1.0458787295079472,0.40430377003131995,0.31459911433398224,0
0.29836146908747485,0.34906399859836457,10.619655276155134,0.786981335637326,0.3423101447817539,0.25441279339319584,0
0.28296628356689274,0.32719904972501823,11.4889812021592,0.7999381085618539,0.3173022767938513,0.24863029033993417,0
0.3012117133496911,0.3227305800429503,11.580619182228114,0.812961604492174,0.3358545289884929,0.26656889771088926,0
0.2656234829271642,0.2969824181946,11.309932474020213,0.7947907320120862,0.2943574006320034,0.23688956522232504,0
0.265113974272382,0.3623377199841973,11.051457026665439,0.7539263638306459,0.2980626054558564,0.23216534308890757,0
0.2718538119046062,0.33853112191371576,11.749983571776674,0.7842148590903418,0.3007677908385867,0.2429398329706258,0
0.2979784595936802,0.3046903920073417,11.864390451281128,0.8234113322647366,0.33518383938758356,0.2607730797997769,0
0.3897062447517712,0.3864639394735398,3.2519456003638787,1.0837618916611549,0.41734362175937384,0.3620688677441686,0
0.3636463736695722,0.305906980527681,2.573359463176823,1.024458359365736,0.39213790682018707,0.3351548405189573,0
0.30524452101901456,0.33361858921857196,1.4441255309358456,0.9594826293475874,0.29780153778719143,0.3126875042508377,0
0.2943360855585118,0.31297995101958387,1.9091524329963763,0.9670271503085951,0.2979102840160441,0.29076188710097955,0
0.27891708437956664,0.3150511440930087,18.04782106877106,0.8616324091992569,0.2695449936658539,0.28828917509327945,0
0.31569359492391014,0.4884272053244518,7.792078078218435,1.3396855789741127,0.389833273641789,0.24155391620603126,0
0.2908381148534377,0.2828566399302419,0.47350805873492635,0.9586805689457479,0.29253829756717936,0.28913793213969596,0
0.34979963309047857,0.302466264160026,0.44072807276101417,0.7922842522919392,0.36410421542367916,0.3354950507572779,0
0.296899655021556,0.37170661455641935,7.454298812748468,1.1978225557459132,0.3519133545744083,0.24188595546870367,0
0.27790243335335707,0.27050240470717163,14.774550275046582,0.8127081420197705,0.2773500981126145,0.2784547685940997,0
0.3447283779074017,0.28667371716143525,11.976132444203355,0.9104076136777275,0.38835166968956913,0.30110508612523423,0
0.3329881457954037,0.25622605681206867,0.4583564580004315,0.7854428795825362,0.3286832547287362,0.33729303686207124,0
0.352714748219467,0.6423967798784171,6.203447901691836,1.0149640672010385,0.39698866482558415,0.30844083161334984,0
0.3106431544700433,0.15650380598670144,0.44072807276101417,0.5547904454091287,0.3309112606779028,0.2903750482621839,0
0.3639686581304741,0.3639536399094793,12.39540683375846,1.2282434451702224,0.4287389695826588,0.2991983466782894,0
0.29820108191022004,0.5361930895439911,3.1798301198642345,1.2082282005545908,0.3682566754559761,0.228145488364464,0
0.28382157076384146,0.6077605407121993,7.125016348901798,1.1732340207252594,0.32520752512069284,0.24243561640699005,0
0.36548570609019837,0.40373550261640356,4.864514437760526,1.0669709303875785,0.4312088161017818,0.299762596078615,0
0.412484468954004,0.38707272145954846,4.497151614667772,1.1823142565556357,0.5010800242187443,0.32388891368926365,0
0.41131073173089666,0.3716277501904198,8.059103902870962,0.8949849611106342,0.45484115872214503,0.3677803047396483,0
0.2941168677550158,0.41128889089123927,6.519801751656986,0.9935777298058189,0.3412306495090726,0.24700308600095894,0
0.4142287137935236,0.49009939987011336,6.137255949261988,1.1737304457234619,0.5036857024815635,0.3247717251054837,0
0.3599288854456473,0.37150617047429524,8.74616226255521,1.2108685585304102,0.4175497521456511,0.30230801874564345,0
0.36878720823679595,0.3516535066315414,6.536633648797067,1.119410178387608,0.44076835857791163,0.29680605789568026,0
0.3726577333269257,0.39994997924913256,0.0,0.9867117106835208,0.43412157106222965,0.31119389559162175,0
0.4263922047307425,0.3017806098891767,0.0,0.7086587794030355,0.4560179970316557,0.39676641242982935,0
0.4241695616746345,0.2999942050374447,0.9093804491991415,0.626302169931139,0.45144933577930424,0.39688978756996474,0
0.37134315785273875,0.3542637628816808,1.5481576989779677,0.7934239045398209,0.4197844503109548,0.32290186539452276,0
0.33849067854222936,0.3453034410766204,8.267173335510636,0.6821833766615341,0.37603552349761676,0.300945833586842,0
0.3347134111653083,0.3235546268258018,8.55555824341289,0.7284453050256043,0.3689068900957128,0.3005199322349037,0
0.3234248531095751,0.417279167470289,4.573921259900861,0.9949195268286097,0.3693768643091433,0.2774728419100069,0
0.2567137465082973,0.25108503337107035,1.827968244305005,1.050128528567886,0.2701716134791496,0.243255879537445,0
0.3614450637857707,0.3390412114042641,3.3384705437643523,0.6631392132631042,0.380174582985618,0.3427155445859234,0
0.2859715255492067,0.24800430969197193,1.9749340108819766,1.1055154857853253,0.34094799866833236,0.23099505243008098,0
0.2916112613276758,0.24108426620567866,0.946951446773465,1.0802551448044153,0.349805717442704,0.23341680521264754,0
0.21724472717215557,0.2564861116780786,2.74808818005375,1.0060160013036565,0.25085032169761956,0.18363913264669157,0
0.2717387376528294,0.2475221729757413,3.082180824528144,0.9233404967936029,0.29485111207530723,0.24862636323035153,0
0.22641793287371959,0.27285483769392826,1.7357045889283889,0.8810244766408973,0.22946082497569356,0.2233750407717456,0
0.2749336498884576,0.3003254369488807,1.0609116902642277,0.9665293327038922,0.29909933707211617,0.25076796270479895,0
0.29171167133724407,0.4150439514367368,5.545317308862041,1.1143425271905854,0.3317325022474121,0.2516908404270761,0
0.30953832542157866,0.2909192282755849,7.334378801416705,1.0816252637517827,0.3780966260575993,0.24098002478555805,0
0.2758626408428436,0.2964814856286417,6.215635899702656,1.1272891627365065,0.33073102396712933,0.2209942577185579,0
0.2814097470833611,0.18761220305851184,4.085616779974877,0.5667236183406643,0.2941296376534109,0.26868985651331134,0
0.256944156692268,0.3019574142197611,2.181641403551466,1.00217135874949,0.31142054945152486,0.20246776393301116,0
0.30991935312702157,0.26936438620792574,4.59425333126639,1.1248058138238266,0.3463415858105372,0.273497120443506,0
0.11369166487421818,0.35713077888376005,2.3859440303888126,0.9130291253343668,0.1353099424396215,0.09207338730881487,0
0.3116996828892248,0.23929094336134477,1.0139787227853019,0.9747456995218788,0.35609380407566654,0.2673055617027831,0
0.2876433771351058,0.23094243027875125,1.507435758774968,0.9315273349191924,0.32156615482569384,0.25372059944451775,0
0.2810520582651269,0.226478111071658,2.009553813021139,0.9142869837174447,0.3220790858970394,0.2400250306332144,0
0.39139592475755614,0.2664176147316047,5.527540151656172,1.1945849567049622,0.5040531042636375,0.2787387452514748,0
0.3075999443796498,0.45372179912765703,1.273030020056711,1.3496096470489902,0.36428433363726215,0.2509155551220375,0
0.3370636888972554,0.391700439057176,3.503531644784458,1.2054939931973343,0.3757130770471925,0.29841430074731834,0
0.5287930608727139,0.6942075925734874,14.036243467926479,1.1378411497420526,0.597987146810891,0.4595989749345368,0
0.39023074240029143,0.3894051935226098,8.707370271520407,1.0792910411316723,0.44306149243207227,0.33739999236851065,0
0.2882565439580434,0.3913787261305325,3.130244862219096,0.9037202432716374,0.26914230832178343,0.30737077959430337,0
0.24435293825376594,0.4597912053714654,6.740056097946948,1.1535117208250167,0.2589815819944927,0.22972429451303916,0
0.32723091898326584,0.2836452567352775,5.6544208226407005,0.8464250099943454,0.3575868379665317,0.296875,0
0.31981534297809033,0.3182847614450053,12.200468727380784,0.9354195273653823,0.3782507805342739,0.2613799054219067,0
0.260520897385186,0.36009957444737867,13.781597235653626,1.0335620463686515,0.3018792918014194,0.2191625029689526,0
0.20094008392017965,0.2707517710599885,17.52556837372287,0.8699752771932729,0.22138484400036879,0.18049532383999053,0
0.22620833456527192,0.3152321616400206,0.46205272143076487,0.8879838484347365,0.23651563707054205,0.2159010320600018,0
0.2279305443279905,0.29452891081462423,4.658254109675612,0.8595973847074703,0.24655876307458566,0.20930232558139536,0
0.24869916614061782,0.279647825254046,4.658254109675612,0.873186710314262,0.2825141706923303,0.21488416158890536,0
0.23762495693761174,0.2990611953994086,4.205357001708586,0.8471606823785688,0.2646595618255161,0.21059035204970739,0
0.24704249896593372,0.28035662429190855,2.9249779491563666,0.8548934495452983,0.27251075213957193,0.22157424579229554,0
0.24759906354152034,0.2637074199330796,0.4063462333090346,0.752590001990103,0.25184285124078176,0.24335527584225888,0
0.25575059875942513,0.261692830287683,1.9886378564740679,0.7156887553187267,0.25695345005176373,0.2545477474670865,0
0.2850615586209386,0.3945590343636516,9.912751446723837,0.7995356742695777,0.33935210739027977,0.23077100985159751,0
0.2616808170701559,0.3253048066170838,6.952957468173915,0.8935821132365293,0.291654317067141,0.23170731707317074,0
0.3010000283905178,0.22838768797950584,4.432668468689861,0.932236008032815,0.35659986194397436,0.2454001948370613,0
0.3449017741593944,0.2967954759277979,0.3978809618345933,0.8962422825660312,0.3371915804246822,0.3526119678941066,0
0.3324320477807461,0.3417246076264085,3.632950739488207,1.0320461215414296,0.3680109065088722,0.29685318905262004,0
0.2559813397877533,0.2924872468057998,0.8126515942537369,0.8567500327147358,0.24350970752923262,0.26845297204627394,0
0.3227671953764044,0.49194752653407775,6.991925346667795,1.2677153261598688,0.3736776975966272,0.2718566931561816,0
0.28511096498420985,0.3023400171491763,0.9391909457355799,1.0213334310750277,0.30113371911255526,0.2690882108558644,0
0.1511156186612576,0.2067094954436948,0.0,0.8616585277134697,0.15517241379310345,0.14705882352941177,0
0.2906168738102959,0.2744991713068985,4.969740728110304,0.7592457005285621,0.2930068613824227,0.28822688623816906,0
0.27470581868797805,0.30079816325915576,1.3219756595369827,0.9625121879683907,0.2864267945874413,0.26298484278851486,0
0.29180192063966476,0.3439072666738114,2.0750263614174074,0.900207118650266,0.29253829756717936,0.29106554371215015,0
0.26004673606371437,0.308091817271318,0.9548412538721887,0.9933477711766042,0.2833333333333333,0.23676013879409538,0
0.328312955215179,0.2927303036544383,8.315125756791886,0.8461036081253601,0.3425889211774961,0.31403698925286194,0
0.35310746889181366,0.2975669386333437,4.398705354995532,0.8371542306423309,0.38513414539885077,0.3210807923847766,0
0.3273138679446585,0.27722257233673875,4.398705354995532,0.8324750482040605,0.36604224907047983,0.28858548681883717,0
0.27500226941420813,0.19432193746692275,10.830079543407003,0.78691056939091,0.3007677908385867,0.24923674798982962,0
0.31398704003432654,0.2969953169132633,3.778197707161587,0.8036800603127232,0.33289957165214934,0.2950745084165038,0
0.3525908001503627,0.2813637604953712,3.850638823910754,0.8262267928962276,0.38614219664406996,0.31903940365665545,0
0.2846474143082699,0.30252834885749424,2.2679545359058344,0.8983253045224899,0.3033234049581525,0.2659714236583873,0
0.364738070014234,0.41438154390527343,13.535856369134246,0.9027690160125598,0.4220077820959146,0.3074683579325534,0
0.32704346008604646,0.34210192264666156,13.781597235653626,0.8104940495972225,0.39208299062480473,0.26200392954728813,0
0.2366834259321513,0.17944790399223737,5.069420132612497,0.6307288900126987,0.2557041559783794,0.21766269588592316,0
0.32225280691710606,0.3361680951987308,11.618524352794635,0.833091671431963,0.3639262337131461,0.28057938012106604,0
0.2753084085142569,0.26108229035828856,10.162083194000758,0.8214277011023621,0.3021458833601091,0.2484709336684047,0
0.33875806640591655,0.3335227618046694,19.798876354524932,0.877046372743963,0.3897997725155878,0.2877163602962453,0
0.4316805395336338,0.352080815379419,0.0,0.9706247899436855,0.4834317177026491,0.37992936136461847,0
0.4656581297805489,0.4538396127238747,0.946951446773465,1.1167736292658228,0.5589822060158556,0.37233405354524224,0
0.35220733654522696,0.35204578563577765,6.418786730238786,0.8822863790995745,0.37305574784868806,0.3313589252417659,0
0.41974433682362006,0.371198974410367,3.7585556854719964,0.9497172551457015,0.46685296750553856,0.37263570614170155,0
0.25768995504592357,0.31255355830126,1.231977402639728,1.0165054128545743,0.2767233749590771,0.23865653513277002,0
0.3653123608224507,0.3569890649108184,4.114909098237253,0.8966178605564367,0.4074529765659086,0.3231717450789928,0
0.33383101801583337,0.37657658557487556,4.5247684728341895,0.8890746071231422,0.3757118824552627,0.29195015357640397,0
0.33763610895253837,0.2425851385988719,13.339248903363403,1.0155760172484498,0.3850684833064597,0.2902037345986171,0
0.360068255920665,0.16285365558181275,3.7046274420771175,1.0185628914701401,0.40154936584566864,0.31858714599566135,0
0.39236662704612923,0.2935656458188675,17.241459398939973,1.1958190199460328,0.4627156723635818,0.3220175817286767,0
0.33205206238419105,0.3340085589260199,2.6837751594689845,0.8345829039884053,0.3884755287161146,0.2756285960522674,0
0.3445439894648926,0.3492282564340103,2.447048642323615,0.8866402658698108,0.39051908848598493,0.29856889044380025,0
0.39053713694947156,0.33409203830061274,0.9628636256362129,0.8738261754851115,0.4287645967964017,0.35230967710254135,0
0.430892598165011,0.42310387749072154,1.0809241866606887,0.9549459189844488,0.4822830915129338,0.3795021048170882,0
0.2160940146358254,0.08516526350665198,0.8615257345672586,0.7082049752763395,0.2236842105263158,0.208503818745335,0
0.272340952341559,0.3261858049060404,3.9793824526782045,0.8367814383450034,0.307847957085295,0.23683394759782292,0
0.300905125617821,0.3938897200306539,5.710593137499642,0.8958988832091705,0.33881441061159306,0.262995840624049,0
0.28480083781791365,0.2950332909098846,4.398705354995532,0.8393464968399187,0.3128893238787319,0.25671235175709534,0
0.3760083619107224,0.3045301077174404,3.8140748342903543,0.8576168095468616,0.43257227937700043,0.3194444444444444,0
0.28439462380916564,0.3190924272819015,4.537772507906652,0.7782808500936109,0.31833978019496495,0.2504494674233663,0
0.3083522630868978,0.33313153339816487,4.085616779974877,0.7910795509462365,0.3433142043969684,0.2733903217768272,0
0.32367694587062346,0.3042769060644724,4.873896422204769,0.8012786583745654,0.3676192244583545,0.27973466728289237,0
0.4669603769449863,0.3560387396356992,1.0809241866606887,0.9826339069143674,0.5265297087589453,0.4073910451310273,0
0.32293151873502374,0.3785464692485208,6.009005957494525,0.9623822547521313,0.36464254155934495,0.28122049591070253,0
0.3270460329347117,0.3600708986520203,6.061788788728641,0.9635179096299407,0.34680355403047297,0.30728851183895034,0
0.35396673938792367,0.38265107197421766,8.13010235415598,0.9621346709271005,0.38909327409281774,0.3188402046830296,0
0.40758939126354854,0.31982360191536263,2.2196555531978914,0.8697759828889369,0.43187223786923457,0.38330654465786246,0
0.3188875775887915,0.3625138455429913,7.628149668580709,0.9824603235032973,0.3492393454217475,0.28853580975583554,0
0.3187413562630217,0.281844716831645,4.84400037508068,0.9185683570551516,0.34459486409648554,0.29288784842955784,0
0.33408928086686246,0.32264167210889505,8.74616226255521,1.0390236218225273,0.35782414779367194,0.310354413940053,0
0.36883872756164027,0.3097669943698838,8.504579240878805,0.9908595503101524,0.41385372972221834,0.32382372540106213,0
0.3576680485877599,0.30385093628030246,6.234480095541226,0.9151740898835249,0.39043761209287997,0.3248984850826399,0
0.3190592384456359,0.1963775750485851,17.175903615746744,0.8747790478853453,0.36375940850978833,0.27435906838148344,0
0.2997570205621276,0.1836468495843597,20.897765498838858,0.9515453461996473,0.3647922065569498,0.23472183456730542,0
0.27856333536337263,0.15632968922004353,6.293948188951082,1.00954263211167,0.2905668008289052,0.2665598698978401,0
0.1360285638465727,0.2820476063304539,6.505626645683682,1.01474132763996,0.13333333333333333,0.13872379435981205,0
0.20927743585981096,0.3221531645997937,6.952957468173915,0.9370230756850595,0.22824474078260637,0.19031013093701551,0
0.35198215191754045,0.22009757870666655,4.205357001708586,1.0048816104291616,0.3632485678786327,0.3407157359564482,0
0.3681256460722966,0.22241497445162514,3.442215285897377,1.0509736964282819,0.37209944787932187,0.36415184426527136,0
0.30359148437246414,0.2344282759146455,7.624192504451834,0.9515616672236324,0.3341645936853482,0.2730183750595801,0
0.20808963089185395,0.46180788237607134,8.461288142571364,0.9734188563836472,0.2191088123790562,0.1970704494046517,0
0.06696107267159881,0.3065171267113736,6.39439776522759,0.8858935260230437,0.06896551724137931,0.06495662810181832,0
0.3979989253368316,0.2817479215382928,1.7623910236605125,0.7776205893851487,0.4367377174087021,0.35926013326496115,0
0.4368241280857098,0.2874118477048745,3.3664606634298013,0.8887838119142927,0.4822281641380575,0.39142009203336203,0
0.3638329655219826,0.3476978937165455,3.3384705437643523,0.8948449343720895,0.39781451602468704,0.3298514150192781,0
0.264453862891138,0.3143001829693243,4.945966547104157,0.8003394709681481,0.29178249789114213,0.2371252278911338,0
0.32035626347894164,0.34986964740340115,5.774325902663275,0.9717324395205174,0.37411474964071845,0.26659777731716483,0
0.3231630976915938,0.33648845437746033,5.885987833028267,0.8536264372879094,0.35782414779367194,0.2885020475895156,0
0.29746407635435,0.39496645085244125,10.587321318237134,0.854411733838407,0.331200264995853,0.263727887712847,0
0.28916647309263854,0.4050441608999945,3.8879095608330716,0.9522765091199773,0.3205827628642448,0.2577501833210322,0
0.3418867604338218,0.5027771032104338,6.2772984895975545,1.1513728847815965,0.4031356345171424,0.2806378863505013,0
0.34969008527012346,0.4148110843117904,9.659893078442336,0.9749389413123704,0.39565012040102515,0.3037300501392217,0
0.35059924746283344,0.3285289655442814,9.74364128703716,0.8772535753592995,0.39290787968044766,0.3082906152452193,0
0.2658835343501314,0.38116758564481956,7.125016348901798,1.0013345795342037,0.2893989873053573,0.24236808139490548,0
0.2641449639687182,0.363869302406077,8.049061701674505,0.9391829530958362,0.28578890892957864,0.24250101900785778,0
0.3458568689710602,0.2752621953968611,7.431407971172507,0.7970671145707314,0.3941669224625527,0.29754681547956774,0
0.38868639644937086,0.527801326638525,2.5561500785782822,1.0429552191479285,0.41707510277736554,0.36029769012137625,0
0.2741085901329416,0.40709578767304044,2.1610794882263713,1.0266619883150334,0.2974492175610842,0.25076796270479895,0
0.36350267655654833,0.4631114905009867,1.7183580016554572,1.0880416117529625,0.42156761346921046,0.30543773964388615,0
0.29594093411312783,0.3219384017655114,0.0,1.004337892395381,0.3409090909090909,0.25097277731716483,0
0.3404691739496286,0.3106384155042666,2.0273227005001964,0.8481501184264384,0.3784115038845798,0.30252684401467744,0
0.31424397854274483,0.10268201902041911,1.893385845746274,0.5950031862970339,0.34668762264076824,0.2818003344447214,0
0.35597970058842443,0.41754963149071267,6.082336693282049,0.9035386635455197,0.37237389338720545,0.3395855077896434,0
0.348551905274016,0.4507555138999782,1.6211459136534114,1.0649432126844953,0.4056776276597721,0.29142618288826,0
0.397511634556281,0.40942545916912826,1.6211459136534114,1.050524440796799,0.4414614127120716,0.35356185640049037,0
0.41751302912924537,0.4308764206700684,2.1409013663230994,1.0691731707631875,0.46413656977709666,0.370889488481394,0
0.40434338071759335,0.45312071240154206,2.650689683421822,1.0764275219967534,0.4623383572844672,0.34634840415071955,0
0.3905963878967389,0.4344544821757827,2.063819728456962,1.0154835983302486,0.446144131405156,0.33504864438832177,0
0.305215640597894,0.3038978515624739,2.650689683421822,0.8818470416165942,0.3588100479352365,0.2516212332605515,0
0.2831348866689666,0.3022675958364028,1.7899106082460694,1.0127105488867776,0.32334796016942013,0.242921813168513,0
0.3383138963735469,0.4173546595363454,3.494638927253337,0.8317711530754923,0.34523809523809523,0.3313896975089986,0
0.3599058996077744,0.302904887776421,4.993743985823392,0.9314181428241772,0.4102548047873005,0.30955699442824836,0
0.3843486874187116,0.3018877065779053,1.0230301886678357,0.8823888808646885,0.4123126501203064,0.3563847247171168,0
0.3800363036880466,0.32987531110124374,3.8140748342903543,0.9495586077623552,0.4173553205895693,0.34271728678652386,0
0.41505911668327733,0.31385433813688884,3.674499520829663,0.9106338350616535,0.4690305269234605,0.3610877064430942,0
0.4332812257883293,0.602231293491386,5.4118691523170295,1.1774754755397134,0.5142956348249516,0.35226681675170707,0
0.37248280499987463,0.31391056677091,3.1798301198642345,0.928651259835016,0.4022483232132254,0.34271728678652386,0
0.34763929736906996,0.5084449317170144,12.339087278326195,1.3355449194827158,0.4079976868958367,0.28728090784230315,0
0.44799984094403655,0.3454572961932428,3.1798301198642345,1.3331281893466844,0.5457638673280641,0.35023581456000896,0
0.31166169748667494,0.3958280398964486,7.454298812748468,1.1290686647882777,0.36781776176825054,0.2555056332050993,0
0.3428887986477074,0.30765197483383805,7.891702428235704,1.141435863097976,0.41377035253120426,0.2720072447642105,0
0.2677215211176761,0.43744429230715515,4.635463426902643,0.8016472317345816,0.2854430422353522,0.25,0
0.26788258717143826,0.378427939151602,5.65948184016248,0.8189701485178308,0.2778311009409134,0.2579340734019631,0
0.3261146457492808,0.38942345969074355,4.23639479905884,0.8928337552968886,0.351581276967315,0.30064801453124657,0
0.2580996822429994,0.35684678184219026,2.511363267163078,0.8068613678176592,0.2795884214603328,0.23661094302566604,0
0.2837385684391924,0.379978391711973,3.0127875041833403,0.7942492043744698,0.3025348395760159,0.26494229730236885,0
0.31147783931492967,0.395513652201449,2.650689683421822,0.8728272217658672,0.34402607436037524,0.27892960426948415,0
0.3523271706437231,0.30290026161737554,5.78239232236404,1.4289407022446117,0.4690829175716734,0.23557142371577275,0
0.25600286331936895,0.4459450685957872,5.710593137499642,1.40519579963125,0.31855353715090895,0.1934521894878289,0
0.34852420436906406,0.38462187760001393,10.713123022791036,0.9496409305002426,0.4060492978631447,0.29099911087498337,0
0.39551060391739373,0.41221726945810816,10.344857481475202,0.8710872808732292,0.4546328207433928,0.3363883870913947,0
0.4412697507671661,0.35035478662926217,8.55555824341289,0.9857306324585802,0.5225863391673178,0.3599531623670144,0
0.36582449467048395,0.329049679019697,9.462322208025617,0.9838432493929665,0.413395400133082,0.31825358920788593,0
0.3735902816281794,0.32273157755804693,3.846030090047376,1.1652254886361313,0.4300130725961134,0.3171674906602455,0
0.3928700092234239,0.3119783450070686,0.48146580583835247,1.1356579442101855,0.4646752598925643,0.3210647585542835,0
0.29117694444993547,0.27762161186265616,13.21632406379061,0.8593500209611752,0.32809229651313737,0.2542615923867335,0
0.3222507769950505,0.27637085127760297,9.462322208025617,0.9700933362728975,0.36805906675701877,0.27644248723308223,0
0.27426489542648713,0.2230007362529764,3.6084688525663444,1.0251486080334649,0.2746267554059726,0.2739030354470016,0
0.24754222294646006,0.27829799543700684,16.025867448449763,1.235305685210013,0.2840024290116771,0.211082016881243,0
0.37907064935558954,0.38077717310846226,1.1017061152063747,1.0214881681321675,0.42785041287142767,0.33029088583975136,0
0.3167104900461992,0.1354319597071009,3.3949235421182786,0.8614787092259341,0.3002405870439379,0.3331803930484605,0
0.3027151483384636,0.19087548664353546,3.6084688525663444,0.9770197040085826,0.32765251889914937,0.2777777777777778,0
0.37542224413922287,0.22448521208988984,15.216326712022974,0.8167398247681172,0.3935194534746226,0.3573250348038231,0
0.26776852500398923,0.36747676000484203,3.1798301198642345,0.8343583439708901,0.29874803703758657,0.2367890129703919,0
0.4128161736986544,0.3701881771601057,2.4059705166453,0.7969524640435063,0.4485869240972164,0.37704542330009244,0
0.3276613124530501,0.33246699280424424,5.194428907734806,0.79964131303241,0.3709258544035697,0.28439677050253054,0
0.35345522960464815,0.23266601378349241,14.902654239031124,0.8468515850166707,0.3672936991687194,0.33961676004057695,0
0.26993818014341897,0.3593372742140392,5.6544208226407005,0.9057089531921597,0.2884348722688805,0.2514414880179575,0
0.4647954672093123,0.3374533035130406,2.6837751594689845,0.9899002767230004,0.5295909344186246,0.4,0
0.4322251624765042,0.29862914114936767,0.42440541936147536,0.8556843835742057,0.49451527883468366,0.36993504611832473,0
0.37853942604711643,0.26687673200994494,13.134022306396323,0.8944934576830196,0.41331021750316604,0.3437686345910669,0
0.38541100371561243,0.4518410535246182,4.170436524842112,1.076160752110057,0.4258228911368458,0.344999116294379,0
0.4004006515197481,0.4621068124453781,3.0447784441939847,1.160468755616255,0.4711882305659313,0.32961307247356486,0
0.47222890229156916,0.5034762298996536,2.1210963966614536,1.396778201974062,0.5549959259451367,0.38946187863800164,0
0.3393858246851491,0.256654685870683,12.783453941424366,0.9269489659596261,0.38280732459116035,0.29596432477913787,0
0.39755157823024334,0.42512301128377367,0.0,0.9324459410841771,0.4311070777484496,0.36399607871203704,0
0.3940563672071349,0.4291694353969352,0.5846305207051778,1.029345576811705,0.45396154141191425,0.3341511930023555,0
0.44295492060132136,0.4208213903391237,4.714754518704946,0.9949731141802366,0.5066058217204223,0.3793040194822204,0
0.4097682899740245,0.4260072370330752,5.599339336520571,1.0155868270112514,0.4512778361422799,0.36825874380576906,0
0.4253692379385525,0.4535626661888572,3.4682292589171477,1.0975125979288733,0.4714944611351862,0.3792440147419188,0
0.16916818703186087,0.4172398284581338,1.0809241866606887,0.9676713803538224,0.18689074085987611,0.15144563320384566,0
0.31239443459282396,0.4052431337626197,6.9810574068297955,1.0761906404650332,0.3904053750620289,0.23438349412361906,0
0.403520864618252,0.5628944005765036,4.398705354995532,1.147731203185618,0.47744529188584384,0.3295964373506602,0
0.2205391401994355,0.3885163422364,1.0809241866606887,0.9311245258085932,0.2523772325625344,0.18870104783633654,0
0.49472796402125785,0.5218091069528171,2.7791668640720806,1.0683347326548935,0.5695074196879987,0.4199485083545171,0
0.2820146299699567,0.4794658533002246,0.4696270196896474,0.9522704160304954,0.30762833603725,0.2564009239026634,0
0.2659916784754094,0.4869553984147169,2.88641854386461,0.8542845374113012,0.287517994149731,0.24446536280108774,0
0.2791573830567669,0.4318939931864412,2.96093613416375,0.8779676285795959,0.29598452257987684,0.26233024353365697,0
0.28391809878712404,0.4575881753808234,2.4681179138285407,0.8952230038875312,0.29971015750211827,0.2681260400721298,0
0.2708142209972379,0.4815411009514258,1.9580674292340414,0.8829736498068288,0.3034235448288049,0.23820489716567092,0
0.4226412274004695,0.2984633826899195,14.808377039042396,1.3742237756015214,0.4702099281389062,0.3750725266620327,0
0.4703923698900457,0.4214221193866494,11.07020257793936,1.2607300050578487,0.5522077567311782,0.3885769830489132,0
0.42970519006263475,0.45005162990686864,0.8680514497455426,0.8581047806365473,0.44660431238938164,0.4128060677358878,0
0.33178377546534643,0.18322802006499941,2.223961240385479,1.0638443052826634,0.3580119953751373,0.3055555555555556,0
0.31015775615942687,0.2870609899613031,6.505626645683682,0.7124309922539087,0.33653172853506996,0.28378378378378377,0
0.3034009994026701,0.3059485306369544,6.061788788728641,0.7534221983096555,0.33653172853506996,0.2702702702702703,0
0.25938676342713063,0.296303486121915,8.895856969663305,0.7704215336000445,0.2665983914921885,0.2521751353620727,0
0.40343939471605544,0.35758950539985224,0.5256346064576132,0.8433028740719096,0.45598054306375696,0.3508982463683539,0
0.33025580399320686,0.3309249693019663,1.9920935729664446,0.7210934978496472,0.3624235026006587,0.2980881053857551,0
